step,time,omega,kinetic,potential,entropy,gradient_norm,max_density,min_density,is_stable,gradient_energy,entropy_interaction,max_avalanche,avalanche_count,mean_size,power_law_exponent,price,volatility,value_delta
0,1.0,0.5012500000000001,0.0,0.0012500000000000002,0.0,0.0,1.0,0.0,True,0.5000000000000001,0.0,0,0,0.0,0.0,100.0,0.0,0.0
1,2.0,1.0025000000000002,0.0,0.0025000000000000005,0.0,0.0,1.0,0.0,True,1.0000000000000002,0.0,0,0,0.0,0.0,100.0,0.0,0.0
2,3.0,1.8787500000000004,0.0,0.0037500000000000007,0.0,0.0,1.0,0.0,True,1.8750000000000004,0.0,0,0,0.0,0.0,100.0,0.0,0.0
3,4.0,2.7550000000000003,0.0,0.005000000000000001,0.0,0.0,1.0,0.0,True,2.7500000000000004,0.0,0,0,0.0,0.0,100.0,0.0,0.0
4,5.0,3.6312500000000005,0.0,0.006250000000000001,0.0,0.0,1.0,0.0,True,3.625000000000001,0.0,0,0,0.0,0.0,100.0,0.0,0.0
5,6.0,4.132500000000001,0.0,0.0075000000000000015,0.0,0.0,1.0,0.0,True,4.125000000000001,0.0,0,0,0.0,0.0,100.0,0.0,0.0
6,7.0,4.633750000000001,0.0,0.00875,0.0,0.0,1.0,0.0,True,4.625000000000001,0.0,0,0,0.0,0.0,100.0,0.0,0.0
7,8.0,5.135000000000001,0.0,0.010000000000000002,0.0,0.0,1.0,0.0,True,5.125000000000001,0.0,0,0,0.0,0.0,100.0,0.0,0.0
8,9.0,5.636250000000001,0.0,0.011250000000000003,0.0,0.0,1.0,0.0,True,5.625000000000001,0.0,0,0,0.0,0.0,100.0,0.0,0.0
9,10.0,6.512500000000001,0.0,0.012500000000000002,0.0,0.0,1.0,0.0,True,6.500000000000001,0.0,0,0,0.0,0.0,100.0,0.0,0.0
10,11.0,7.013750000000002,0.0,0.013750000000000002,0.0,0.0,1.0,0.0,True,7.000000000000002,0.0,0,0,0.0,0.0,100.0,0.0,0.0
11,12.0,7.8900000000000015,0.0,0.015000000000000003,0.0,0.0,1.0,0.0,True,7.875000000000002,0.0,0,0,0.0,0.0,100.0,0.0,0.0
12,13.0,8.391250000000001,0.0,0.016250000000000004,0.0,0.0,1.0,0.0,True,8.375000000000002,0.0,0,0,0.0,0.0,100.0,0.0,0.0
13,14.0,8.892500000000002,0.0,0.0175,0.0,0.0,1.0,0.0,True,8.875000000000002,0.0,0,0,0.0,0.0,100.0,0.0,0.0
14,15.0,9.393750000000002,0.0,0.018750000000000003,0.0,0.0,1.0,0.0,True,9.375000000000002,0.0,0,0,0.0,0.0,100.0,0.0,0.0
15,16.0,10.270000000000001,0.0,0.020000000000000004,0.0,0.0,1.0,0.0,True,10.250000000000002,0.0,0,0,0.0,0.0,100.0,0.0,0.0
16,17.0,10.771250000000002,0.0,0.021250000000000005,0.0,0.0,1.0,0.0,True,10.750000000000002,0.0,0,0,0.0,0.0,100.0,0.0,0.0
17,18.0,11.647500000000003,0.0,0.022500000000000006,0.0,0.0,1.0,0.0,True,11.625000000000002,0.0,0,0,0.0,0.0,100.0,0.0,0.0
18,19.0,12.523750000000003,0.0,0.023750000000000004,0.0,0.0,1.0,0.0,True,12.500000000000002,0.0,0,0,0.0,0.0,100.0,0.0,0.0
19,20.0,12.775000000000002,0.0,0.025000000000000005,0.0,0.0,1.0,0.0,True,12.750000000000002,0.0,0,0,0.0,0.0,100.0,0.0,0.0
20,21.0,13.026250000000003,0.0,0.026250000000000006,0.0,0.0,1.0,0.0,True,13.000000000000002,0.0,0,0,0.0,0.0,100.0,0.0,0.0
21,22.0,13.902500000000003,0.0,0.027500000000000004,0.0,0.0,1.0,0.0,True,13.875000000000004,0.0,0,0,0.0,0.0,100.0,0.0,0.0
22,23.0,14.403750000000002,0.0,0.028750000000000005,0.0,0.0,1.0,0.0,True,14.375000000000004,0.0,0,0,0.0,0.0,100.0,0.0,0.0
23,24.0,14.905000000000003,0.0,0.030000000000000006,0.0,0.0,1.0,0.0,True,14.875000000000004,0.0,0,0,0.0,0.0,100.0,0.0,0.0
24,25.0,15.406250000000004,0.0,0.03125000000000001,0.0,0.0,1.0,0.0,True,15.375000000000004,0.0,0,0,0.0,0.0,100.0,0.0,0.0
25,26.0,15.657500000000002,0.0,0.03250000000000001,0.0,0.0,1.0,0.0,True,15.625000000000004,0.0,0,0,0.0,0.0,100.0,0.0,0.0
26,27.0,15.908750000000003,0.0,0.03375000000000001,0.0,0.0,1.0,0.0,True,15.875000000000004,0.0,0,0,0.0,0.0,100.0,0.0,0.0
27,28.0,16.785000000000004,0.0,0.035,0.0,0.0,1.0,0.0,True,16.750000000000004,0.0,0,0,0.0,0.0,100.0,0.0,0.0
28,29.0,17.286250000000003,0.0,0.036250000000000004,0.0,0.0,1.0,0.0,True,17.250000000000004,0.0,0,0,0.0,0.0,100.0,0.0,0.0
29,30.0,17.787500000000005,0.0,0.037500000000000006,0.0,0.0,1.0,0.0,True,17.750000000000004,0.0,0,0,0.0,0.0,100.0,0.0,0.0
30,31.0,18.288750000000004,0.0,0.03875000000000001,0.0,0.0,1.0,0.0,True,18.250000000000004,0.0,0,0,0.0,0.0,100.0,0.0,0.0
31,32.0,18.790000000000003,0.0,0.04000000000000001,0.0,0.0,1.0,0.0,True,18.750000000000004,0.0,0,0,0.0,0.0,100.0,0.0,0.0
32,33.0,18.416250000000005,0.0,0.04125000000000001,0.0,0.0,1.0,0.0,True,18.375000000000004,0.0,0,0,0.0,0.0,100.0,0.0,0.0
33,34.0,18.917500000000004,0.0,0.04250000000000001,0.0,0.0,1.0,0.0,True,18.875000000000004,0.0,0,0,0.0,0.0,100.0,0.0,0.0
34,35.0,20.421250000000004,0.0,0.046250000000000006,0.0,0.0,2.0,0.0,True,20.375000000000004,0.0,0,0,0.0,0.0,100.0,0.0,0.0
35,36.0,21.047500000000003,0.0,0.04750000000000001,0.0,0.0,2.0,0.0,True,21.000000000000004,0.0,0,0,0.0,0.0,100.0,0.0,0.0
36,37.0,21.548750000000005,0.0,0.04875000000000001,0.0,0.0,2.0,0.0,True,21.500000000000004,0.0,0,0,0.0,0.0,100.0,0.0,0.0
37,38.0,22.175000000000004,0.0,0.05000000000000001,0.0,0.0,2.0,0.0,True,22.125000000000004,0.0,0,0,0.0,0.0,100.0,0.0,0.0
38,39.0,22.426250000000003,0.0,0.05125000000000001,0.0,0.0,2.0,0.0,True,22.375000000000004,0.0,0,0,0.0,0.0,100.0,0.0,0.0
39,40.0,22.927500000000006,0.0,0.05250000000000001,0.0,0.0,2.0,0.0,True,22.875000000000004,0.0,0,0,0.0,0.0,100.0,0.0,0.0
40,41.0,23.928750000000004,0.0,0.05375000000000001,0.0,0.0,2.0,0.0,True,23.875000000000004,0.0,0,0,0.0,0.0,100.0,0.0,0.0
41,42.0,24.430000000000003,0.0,0.05500000000000001,0.0,0.0,2.0,0.0,True,24.375000000000004,0.0,0,0,0.0,0.0,100.0,0.0,0.0
42,43.0,25.306250000000006,0.0,0.05625000000000001,0.0,0.0,2.0,0.0,True,25.250000000000004,0.0,0,0,0.0,0.0,100.0,0.0,0.0
43,44.0,26.182500000000005,0.0,0.05750000000000001,0.0,0.0,2.0,0.0,True,26.125000000000004,0.0,0,0,0.0,0.0,100.0,0.0,0.0
44,45.0,26.683750000000003,0.0,0.05875000000000001,0.0,0.0,2.0,0.0,True,26.625000000000004,0.0,0,0,0.0,0.0,100.0,0.0,0.0
45,46.0,29.062500000000007,0.0,0.06250000000000001,0.0,0.0,2.0,0.0,True,29.000000000000007,0.0,0,0,0.0,0.0,100.0,0.0,0.0
46,47.0,30.316250000000007,0.0,0.06625000000000002,0.0,0.0,2.0,0.0,True,30.250000000000007,0.0,0,0,0.0,0.0,100.0,0.0,0.0
47,48.0,31.192500000000006,0.0,0.06750000000000002,0.0,0.0,2.0,0.0,True,31.125000000000007,0.0,0,0,0.0,0.0,100.0,0.0,0.0
48,49.0,31.568750000000005,0.0,0.06875000000000002,0.0,0.0,2.0,0.0,True,31.500000000000007,0.0,0,0,0.0,0.0,100.0,0.0,0.0
49,50.0,31.570000000000007,0.0,0.07,0.0,0.0,2.0,0.0,True,31.500000000000007,0.0,0,0,0.0,0.0,100.0,0.0,0.0
50,51.0,32.071250000000006,0.0,0.07125000000000001,0.0,0.0,2.0,0.0,True,32.00000000000001,0.0,0,0,0.0,0.0,100.0,0.0,0.0
51,52.0,32.947500000000005,0.0,0.07250000000000001,0.0,0.0,2.0,0.0,True,32.87500000000001,0.0,0,0,0.0,0.0,100.0,0.0,0.0
52,53.0,33.198750000000004,0.0,0.07375000000000001,0.0,0.0,2.0,0.0,True,33.12500000000001,0.0,0,0,0.0,0.0,100.0,0.0,0.0
53,54.0,33.70000000000001,0.0,0.07500000000000001,0.0,0.0,2.0,0.0,True,33.62500000000001,0.0,0,0,0.0,0.0,100.0,0.0,0.0
54,55.0,34.20125000000001,0.0,0.07625000000000001,0.0,0.0,2.0,0.0,True,34.12500000000001,0.0,0,0,0.0,0.0,100.0,0.0,0.0
55,56.0,34.70250000000001,0.0,0.07750000000000001,0.0,0.0,2.0,0.0,True,34.62500000000001,0.0,0,0,0.0,0.0,100.0,0.0,0.0
56,57.0,35.57875000000001,0.0,0.07875000000000001,0.0,0.0,2.0,0.0,True,35.50000000000001,0.0,0,0,0.0,0.0,100.0,0.0,0.0
57,58.0,35.830000000000005,0.0,0.08000000000000002,0.0,0.0,2.0,0.0,True,35.75000000000001,0.0,0,0,0.0,0.0,100.0,0.0,0.0
58,59.0,37.08375000000001,0.0,0.08375000000000002,0.0,0.0,2.0,0.0,True,37.00000000000001,0.0,0,0,0.0,0.0,100.0,0.0,0.0
59,60.0,39.712500000000006,0.0,0.08750000000000002,0.0,0.0,2.0,0.0,True,39.62500000000001,0.0,0,0,0.0,0.0,100.0,0.0,0.0
60,61.0,40.088750000000005,0.0,0.08875000000000002,0.0,0.0,2.0,0.0,True,40.00000000000001,0.0,0,0,0.0,0.0,100.0,0.0,0.0
61,62.0,40.59000000000001,0.0,0.09000000000000002,0.0,0.0,2.0,0.0,True,40.50000000000001,0.0,0,0,0.0,0.0,100.0,0.0,0.0
62,63.0,41.09125000000001,0.0,0.09125000000000001,0.0,0.0,2.0,0.0,True,41.00000000000001,0.0,0,0,0.0,0.0,100.0,0.0,0.0
63,64.0,41.09250000000001,0.0,0.09250000000000001,0.0,0.0,2.0,0.0,True,41.00000000000001,0.0,0,0,0.0,0.0,100.0,0.0,0.0
64,65.0,41.96875000000001,0.0,0.09375000000000001,0.0,0.0,2.0,0.0,True,41.87500000000001,0.0,0,0,0.0,0.0,100.0,0.0,0.0
65,66.0,42.470000000000006,0.0,0.09500000000000001,0.0,0.0,2.0,0.0,True,42.37500000000001,0.0,0,0,0.0,0.0,100.0,0.0,0.0
66,67.0,43.72125000000001,0.0,0.09625000000000002,0.0,0.0,2.0,0.0,True,43.62500000000001,0.0,0,0,0.0,0.0,100.0,0.0,0.0
67,68.0,43.97250000000001,0.0,0.09750000000000002,0.0,0.0,2.0,0.0,True,43.87500000000001,0.0,0,0,0.0,0.0,100.0,0.0,0.0
68,69.0,44.59875000000001,0.0,0.09875000000000002,0.0,0.0,2.0,0.0,True,44.50000000000001,0.0,0,0,0.0,0.0,100.0,0.0,0.0
69,70.0,45.852500000000006,0.0,0.10250000000000002,0.0,0.0,2.0,0.0,True,45.75000000000001,0.0,0,0,0.0,0.0,100.0,0.0,0.0
70,71.0,46.72875000000001,0.0,0.10375000000000002,0.0,0.0,2.0,0.0,True,46.62500000000001,0.0,0,0,0.0,0.0,100.0,0.0,0.0
71,72.0,49.10750000000001,0.0,0.10750000000000003,0.0,0.0,2.0,0.0,True,49.00000000000001,0.0,0,0,0.0,0.0,100.0,0.0,0.0
72,73.0,51.36375000000001,0.0,0.11375000000000002,0.0,0.0,3.0,0.0,True,51.25000000000001,0.0,0,0,0.0,0.0,100.0,0.0,0.0
73,74.0,51.86500000000001,0.0,0.11500000000000002,0.0,0.0,3.0,0.0,True,51.75000000000001,0.0,0,0,0.0,0.0,100.0,0.0,0.0
74,75.0,51.86625000000001,0.0,0.11625000000000002,0.0,0.0,3.0,0.0,True,51.75000000000001,0.0,0,0,0.0,0.0,100.0,0.0,0.0
75,76.0,51.36750000000001,0.0,0.11750000000000002,0.0,0.0,3.0,0.0,True,51.25000000000001,0.0,0,0,0.0,0.0,100.0,0.0,0.0
76,77.0,54.87125000000001,0.0,0.12125000000000002,0.0,0.0,3.0,0.0,True,54.75000000000001,0.0,0,0,0.0,0.0,100.0,0.0,0.0
77,78.0,55.49750000000001,0.0,0.12250000000000003,0.0,0.0,3.0,0.0,True,55.375000000000014,0.0,0,0,0.0,0.0,100.0,0.0,0.0
78,79.0,54.12375000000001,0.0,0.12375000000000003,0.0,0.0,3.0,0.0,True,54.00000000000001,0.0,0,0,0.0,0.0,100.0,0.0,0.0
79,80.0,54.37500000000001,0.0,0.12500000000000003,0.0,0.0,3.0,0.0,True,54.25000000000001,0.0,0,0,0.0,0.0,100.0,0.0,0.0
80,81.0,55.25125000000001,0.0,0.12625000000000003,0.0,0.0,3.0,0.0,True,55.125000000000014,0.0,0,0,0.0,0.0,100.0,0.0,0.0
81,82.0,55.12750000000001,0.0,0.12750000000000003,0.0,0.0,3.0,0.0,True,55.000000000000014,0.0,0,0,0.0,0.0,100.0,0.0,0.0
82,83.0,55.37875000000001,0.0,0.12875000000000003,0.0,0.0,3.0,0.0,True,55.250000000000014,0.0,0,0,0.0,0.0,100.0,0.0,0.0
83,84.0,55.63000000000001,0.0,0.13000000000000003,0.0,0.0,3.0,0.0,True,55.500000000000014,0.0,0,0,0.0,0.0,100.0,0.0,0.0
84,85.0,58.00875000000001,0.0,0.13375000000000004,0.0,0.0,3.0,0.0,True,57.875000000000014,0.0,0,0,0.0,0.0,100.0,0.0,0.0
85,86.0,59.01250000000001,0.0,0.13750000000000004,0.0,0.0,3.0,0.0,True,58.875000000000014,0.0,0,0,0.0,0.0,100.0,0.0,0.0
86,87.0,59.26375000000001,0.0,0.13875000000000004,0.0,0.0,3.0,0.0,True,59.125000000000014,0.0,0,0,0.0,0.0,100.0,0.0,0.0
87,88.0,59.765000000000015,0.0,0.14,0.0,0.0,3.0,0.0,True,59.625000000000014,0.0,0,0,0.0,0.0,100.0,0.0,0.0
88,89.0,59.516250000000014,0.0,0.14125000000000001,0.0,0.0,3.0,0.0,True,59.375000000000014,0.0,0,0,0.0,0.0,100.0,0.0,0.0
89,90.0,60.27000000000001,0.0,0.14500000000000002,0.0,0.0,3.0,0.0,True,60.125000000000014,0.0,0,0,0.0,0.0,100.0,0.0,0.0
90,91.0,60.02125000000001,0.0,0.14625000000000002,0.0,0.0,3.0,0.0,True,59.875000000000014,0.0,0,0,0.0,0.0,100.0,0.0,0.0
91,92.0,61.02500000000001,0.0,0.15000000000000002,0.0,0.0,3.0,0.0,True,60.875000000000014,0.0,0,0,0.0,0.0,100.0,0.0,0.0
92,93.0,59.02125000000001,0.0,0.14625000000000002,0.0,0.0,2.0,0.0,True,58.875000000000014,0.0,1,1,1.0,0.0,100.0,1.0,5.027173665028116
93,94.0,59.272500000000015,0.0,0.14750000000000002,0.0,0.0,2.0,0.0,True,59.125000000000014,0.0,1,1,1.0,0.0,150.27173665028116,1.0,0.0
94,95.0,59.773750000000014,0.0,0.14875000000000002,0.0,0.0,2.0,0.0,True,59.625000000000014,0.0,1,1,1.0,0.0,150.27173665028116,1.0,0.0
95,96.0,60.52750000000001,0.0,0.15250000000000002,0.0,0.0,2.0,0.0,True,60.375000000000014,0.0,1,1,1.0,0.0,150.27173665028116,1.0,0.0
96,97.0,62.031250000000014,0.0,0.15625000000000003,0.0,0.0,2.0,0.0,True,61.875000000000014,0.0,1,1,1.0,0.0,150.27173665028116,1.0,0.0
97,98.0,62.90750000000001,0.0,0.15750000000000003,0.0,0.0,2.0,0.0,True,62.750000000000014,0.0,1,1,1.0,0.0,150.27173665028116,1.0,0.0
98,99.0,62.65875000000001,0.0,0.15875000000000003,0.0,0.0,2.0,0.0,True,62.500000000000014,0.0,1,1,1.0,0.0,150.27173665028116,1.0,0.0
99,100.0,63.412500000000016,0.0,0.16250000000000003,0.0,0.0,2.0,0.0,True,63.250000000000014,0.0,1,1,1.0,0.0,150.27173665028116,1.0,0.0
100,101.0,64.03875000000001,0.0,0.16375000000000003,0.0,0.0,2.0,0.0,True,63.875000000000014,0.0,1,1,1.0,0.0,150.27173665028116,1.0,0.0
101,102.0,64.54,0.0,0.16500000000000004,0.0,0.0,2.0,0.0,True,64.37500000000001,0.0,1,1,1.0,0.0,150.27173665028116,1.0,0.0
102,103.0,67.16875000000002,0.0,0.16875000000000004,0.0,0.0,2.0,0.0,True,67.00000000000001,0.0,1,1,1.0,0.0,150.27173665028116,1.0,0.0
103,104.0,67.67000000000002,0.0,0.17000000000000004,0.0,0.0,2.0,0.0,True,67.50000000000001,0.0,1,1,1.0,0.0,150.27173665028116,1.0,0.0
104,105.0,67.92125000000001,0.0,0.17125000000000004,0.0,0.0,2.0,0.0,True,67.75000000000001,0.0,1,1,1.0,0.0,150.27173665028116,1.0,0.0
105,106.0,69.17500000000001,0.0,0.17500000000000004,0.0,0.0,2.0,0.0,True,69.00000000000001,0.0,1,1,1.0,0.0,150.27173665028116,1.0,0.0
106,107.0,69.42625000000001,0.0,0.17625000000000005,0.0,0.0,2.0,0.0,True,69.25000000000001,0.0,1,1,1.0,0.0,150.27173665028116,1.0,0.0
107,108.0,70.68,0.0,0.18000000000000005,0.0,0.0,2.0,0.0,True,70.50000000000001,0.0,1,1,1.0,0.0,150.27173665028116,1.0,0.0
108,109.0,72.18375000000002,0.0,0.18375000000000002,0.0,0.0,2.0,0.0,True,72.00000000000001,0.0,1,1,1.0,0.0,150.27173665028116,1.0,0.0
109,110.0,72.68500000000002,0.0,0.18500000000000003,0.0,0.0,2.0,0.0,True,72.50000000000001,0.0,1,1,1.0,0.0,150.27173665028116,1.0,0.0
110,111.0,73.31125000000002,0.0,0.18625000000000003,0.0,0.0,2.0,0.0,True,73.12500000000001,0.0,1,1,1.0,0.0,150.27173665028116,1.0,0.0
111,112.0,73.31250000000001,0.0,0.18750000000000003,0.0,0.0,2.0,0.0,True,73.12500000000001,0.0,1,1,1.0,0.0,150.27173665028116,1.0,0.0
112,113.0,73.31375000000001,0.0,0.18875000000000003,0.0,0.0,2.0,0.0,True,73.12500000000001,0.0,1,1,1.0,0.0,150.27173665028116,1.0,0.0
113,114.0,74.31750000000001,0.0,0.19250000000000003,0.0,0.0,2.0,0.0,True,74.12500000000001,0.0,1,1,1.0,0.0,150.27173665028116,1.0,0.0
114,115.0,74.94375000000001,0.0,0.19375000000000003,0.0,0.0,2.0,0.0,True,74.75000000000001,0.0,1,1,1.0,0.0,150.27173665028116,1.0,0.0
115,116.0,75.82000000000002,0.0,0.19500000000000003,0.0,0.0,2.0,0.0,True,75.62500000000001,0.0,1,1,1.0,0.0,150.27173665028116,1.0,0.0
116,117.0,77.07375000000002,0.0,0.19875000000000004,0.0,0.0,2.0,0.0,True,76.87500000000001,0.0,1,1,1.0,0.0,150.27173665028116,1.0,0.0
117,118.0,76.45000000000002,0.0,0.20000000000000004,0.0,0.0,2.0,0.0,True,76.25000000000001,0.0,1,1,1.0,0.0,150.27173665028116,1.0,0.0
118,119.0,77.95375000000001,0.0,0.20375000000000004,0.0,0.0,2.0,0.0,True,77.75000000000001,0.0,1,1,1.0,0.0,150.27173665028116,1.0,0.0
119,120.0,78.20500000000001,0.0,0.20500000000000004,0.0,0.0,2.0,0.0,True,78.00000000000001,0.0,1,1,1.0,0.0,150.27173665028116,1.0,0.0
120,121.0,78.20625000000001,0.0,0.20625000000000004,0.0,0.0,2.0,0.0,True,78.00000000000001,0.0,1,1,1.0,0.0,150.27173665028116,1.0,0.0
121,122.0,78.45750000000001,0.0,0.20750000000000005,0.0,0.0,2.0,0.0,True,78.25000000000001,0.0,1,1,1.0,0.0,150.27173665028116,1.0,0.0
122,123.0,79.33375000000001,0.0,0.20875000000000005,0.0,0.0,2.0,0.0,True,79.12500000000001,0.0,1,1,1.0,0.0,150.27173665028116,1.0,0.0
123,124.0,79.71250000000002,0.0,0.21250000000000005,0.0,0.0,2.0,0.0,True,79.50000000000001,0.0,1,1,1.0,0.0,150.27173665028116,1.0,0.0
124,125.0,80.71625000000002,0.0,0.21625000000000005,0.0,0.0,2.0,0.0,True,80.50000000000001,0.0,1,1,1.0,0.0,150.27173665028116,1.0,0.0
125,126.0,81.21750000000002,0.0,0.21750000000000005,0.0,0.0,2.0,0.0,True,81.00000000000001,0.0,1,1,1.0,0.0,150.27173665028116,1.0,0.0
126,127.0,82.22125000000001,0.0,0.22125000000000003,0.0,0.0,2.0,0.0,True,82.00000000000001,0.0,1,1,1.0,0.0,150.27173665028116,1.0,0.0
127,128.0,82.22250000000001,0.0,0.22250000000000003,0.0,0.0,2.0,0.0,True,82.00000000000001,0.0,1,1,1.0,0.0,150.27173665028116,1.0,0.0
128,129.0,84.85125000000002,0.0,0.22625000000000003,0.0,0.0,2.0,0.0,True,84.62500000000001,0.0,1,1,1.0,0.0,150.27173665028116,1.0,0.0
129,130.0,85.85500000000002,0.0,0.23000000000000004,0.0,0.0,2.0,0.0,True,85.62500000000001,0.0,1,1,1.0,0.0,150.27173665028116,1.0,0.0
130,131.0,85.73125000000002,0.0,0.23125000000000004,0.0,0.0,2.0,0.0,True,85.50000000000001,0.0,1,1,1.0,0.0,150.27173665028116,1.0,0.0
131,132.0,86.10750000000002,0.0,0.23250000000000004,0.0,0.0,2.0,0.0,True,85.87500000000001,0.0,1,1,1.0,0.0,150.27173665028116,1.0,0.0
132,133.0,87.11125000000001,0.0,0.23625000000000004,0.0,0.0,2.0,0.0,True,86.87500000000001,0.0,1,1,1.0,0.0,150.27173665028116,1.0,0.0
133,134.0,87.11250000000001,0.0,0.23750000000000004,0.0,0.0,2.0,0.0,True,86.87500000000001,0.0,1,1,1.0,0.0,150.27173665028116,1.0,0.0
134,135.0,87.98875000000001,0.0,0.23875000000000005,0.0,0.0,2.0,0.0,True,87.75000000000001,0.0,1,1,1.0,0.0,150.27173665028116,1.0,0.0
135,136.0,88.24000000000002,0.0,0.24000000000000005,0.0,0.0,2.0,0.0,True,88.00000000000001,0.0,1,1,1.0,0.0,150.27173665028116,1.0,0.0
136,137.0,87.86625000000002,0.0,0.24125000000000005,0.0,0.0,2.0,0.0,True,87.62500000000001,0.0,1,1,1.0,0.0,150.27173665028116,1.0,0.0
137,138.0,88.74250000000002,0.0,0.24250000000000005,0.0,0.0,2.0,0.0,True,88.50000000000001,0.0,1,1,1.0,0.0,150.27173665028116,1.0,0.0
138,139.0,89.99625000000002,0.0,0.24625000000000005,0.0,0.0,2.0,0.0,True,89.75000000000001,0.0,1,1,1.0,0.0,150.27173665028116,1.0,0.0
139,140.0,88.37250000000002,0.0,0.24750000000000005,0.0,0.0,2.0,0.0,True,88.12500000000001,0.0,1,1,1.0,0.0,150.27173665028116,1.0,0.0
140,141.0,89.87875000000001,0.0,0.25375000000000003,0.0,0.0,3.0,0.0,True,89.62500000000001,0.0,1,1,1.0,0.0,150.27173665028116,1.0,0.0
141,142.0,90.13000000000002,0.0,0.25500000000000006,0.0,0.0,3.0,0.0,True,89.87500000000001,0.0,1,1,1.0,0.0,150.27173665028116,1.0,0.0
142,143.0,90.13125000000002,0.0,0.25625000000000003,0.0,0.0,3.0,0.0,True,89.87500000000001,0.0,1,1,1.0,0.0,150.27173665028116,1.0,0.0
143,144.0,91.51000000000002,0.0,0.26000000000000006,0.0,0.0,3.0,0.0,True,91.25000000000001,0.0,1,1,1.0,0.0,150.27173665028116,1.0,0.0
144,145.0,92.13875000000002,0.0,0.26375000000000004,0.0,0.0,3.0,0.0,True,91.87500000000001,0.0,1,1,1.0,0.0,150.27173665028116,1.0,0.0
145,146.0,94.27000000000002,0.0,0.2700000000000001,0.0,0.0,3.0,0.0,True,94.00000000000001,0.0,1,1,1.0,0.0,150.27173665028116,1.0,0.0
146,147.0,94.52125000000002,0.0,0.27125000000000005,0.0,0.0,3.0,0.0,True,94.25000000000001,0.0,1,1,1.0,0.0,150.27173665028116,1.0,0.0
147,148.0,95.02250000000002,0.0,0.2725000000000001,0.0,0.0,3.0,0.0,True,94.75000000000001,0.0,1,1,1.0,0.0,150.27173665028116,1.0,0.0
148,149.0,96.15125000000002,0.0,0.27625000000000005,0.0,0.0,3.0,0.0,True,95.87500000000001,0.0,1,1,1.0,0.0,150.27173665028116,1.0,0.0
149,150.0,96.77750000000002,0.0,0.2775000000000001,0.0,0.0,3.0,0.0,True,96.50000000000001,0.0,1,1,1.0,0.0,150.27173665028116,1.0,0.0
150,151.0,97.27875000000002,0.0,0.27875000000000005,0.0,0.0,3.0,0.0,True,97.00000000000001,0.0,1,1,1.0,0.0,150.27173665028116,1.0,0.0
151,152.0,99.78500000000003,0.0,0.28500000000000003,0.0,0.0,3.0,0.0,True,99.50000000000001,0.0,1,1,1.0,0.0,150.27173665028116,1.0,0.0
152,153.0,100.41125000000002,0.0,0.28625000000000006,0.0,0.0,3.0,0.0,True,100.12500000000001,0.0,1,1,1.0,0.0,150.27173665028116,1.0,0.0
153,154.0,100.41250000000002,0.0,0.28750000000000003,0.0,0.0,3.0,0.0,True,100.12500000000001,0.0,1,1,1.0,0.0,150.27173665028116,1.0,0.0
154,155.0,101.03875000000002,0.0,0.28875000000000006,0.0,0.0,3.0,0.0,True,100.75000000000001,0.0,1,1,1.0,0.0,150.27173665028116,1.0,0.0
155,156.0,101.04000000000002,0.0,0.29000000000000004,0.0,0.0,3.0,0.0,True,100.75000000000001,0.0,1,1,1.0,0.0,150.27173665028116,1.0,0.0
156,157.0,101.54125000000002,0.0,0.29125000000000006,0.0,0.0,3.0,0.0,True,101.25000000000001,0.0,1,1,1.0,0.0,150.27173665028116,1.0,0.0
157,158.0,101.29250000000002,0.0,0.29250000000000004,0.0,0.0,3.0,0.0,True,101.00000000000001,0.0,1,1,1.0,0.0,150.27173665028116,1.0,0.0
158,159.0,103.54875000000003,0.0,0.29875000000000007,0.0,0.0,3.0,0.0,True,103.25000000000001,0.0,1,1,1.0,0.0,150.27173665028116,1.0,0.0
159,160.0,103.80000000000003,0.0,0.30000000000000004,0.0,0.0,3.0,0.0,True,103.50000000000001,0.0,1,1,1.0,0.0,150.27173665028116,1.0,0.0
160,161.0,103.55125000000002,0.0,0.3012500000000001,0.0,0.0,3.0,0.0,True,103.25000000000001,0.0,1,1,1.0,0.0,150.27173665028116,1.0,0.0
161,162.0,103.80250000000002,0.0,0.30250000000000005,0.0,0.0,3.0,0.0,True,103.50000000000001,0.0,1,1,1.0,0.0,150.27173665028116,1.0,0.0
162,163.0,104.30375000000002,0.0,0.3037500000000001,0.0,0.0,3.0,0.0,True,104.00000000000001,0.0,1,1,1.0,0.0,150.27173665028116,1.0,0.0
163,164.0,105.55750000000002,0.0,0.30750000000000005,0.0,0.0,3.0,0.0,True,105.25000000000001,0.0,1,1,1.0,0.0,150.27173665028116,1.0,0.0
164,165.0,105.55875000000002,0.0,0.3087500000000001,0.0,0.0,3.0,0.0,True,105.25000000000001,0.0,1,1,1.0,0.0,150.27173665028116,1.0,0.0
165,166.0,106.18500000000002,0.0,0.31000000000000005,0.0,0.0,3.0,0.0,True,105.87500000000001,0.0,1,1,1.0,0.0,150.27173665028116,1.0,0.0
166,167.0,106.18625000000002,0.0,0.3112500000000001,0.0,0.0,3.0,0.0,True,105.87500000000001,0.0,1,1,1.0,0.0,150.27173665028116,1.0,0.0
167,168.0,106.68750000000001,0.0,0.31250000000000006,0.0,0.0,3.0,0.0,True,106.37500000000001,0.0,1,1,1.0,0.0,150.27173665028116,1.0,0.0
168,169.0,107.69125000000003,0.0,0.3162500000000001,0.0,0.0,3.0,0.0,True,107.37500000000001,0.0,1,1,1.0,0.0,150.27173665028116,1.0,0.0
169,170.0,108.56750000000002,0.0,0.31750000000000006,0.0,0.0,3.0,0.0,True,108.25000000000001,0.0,1,1,1.0,0.0,150.27173665028116,1.0,0.0
170,171.0,110.57375000000002,0.0,0.32375000000000004,0.0,0.0,3.0,0.0,True,110.25000000000003,0.0,1,1,1.0,0.0,150.27173665028116,1.0,0.0
171,172.0,110.95000000000002,0.0,0.32500000000000007,0.0,0.0,3.0,0.0,True,110.62500000000003,0.0,1,1,1.0,0.0,150.27173665028116,1.0,0.0
172,173.0,111.95375000000003,0.0,0.32875000000000004,0.0,0.0,3.0,0.0,True,111.62500000000003,0.0,1,1,1.0,0.0,150.27173665028116,1.0,0.0
173,174.0,111.70500000000003,0.0,0.33000000000000007,0.0,0.0,3.0,0.0,True,111.37500000000003,0.0,1,1,1.0,0.0,150.27173665028116,1.0,0.0
174,175.0,111.20625000000003,0.0,0.33125000000000004,0.0,0.0,3.0,0.0,True,110.87500000000003,0.0,1,1,1.0,0.0,150.27173665028116,1.0,0.0
175,176.0,110.70750000000002,0.0,0.3325000000000001,0.0,0.0,3.0,0.0,True,110.37500000000003,0.0,1,1,1.0,0.0,150.27173665028116,1.0,0.0
176,177.0,110.95875000000002,0.0,0.33375000000000005,0.0,0.0,3.0,0.0,True,110.62500000000003,0.0,1,1,1.0,0.0,150.27173665028116,1.0,0.0
177,178.0,110.83500000000002,0.0,0.3350000000000001,0.0,0.0,3.0,0.0,True,110.50000000000003,0.0,1,1,1.0,0.0,150.27173665028116,1.0,0.0
178,179.0,110.46125000000002,0.0,0.33625000000000005,0.0,0.0,3.0,0.0,True,110.12500000000003,0.0,1,1,1.0,0.0,150.27173665028116,1.0,0.0
179,180.0,112.21750000000002,0.0,0.3425000000000001,0.0,0.0,3.0,0.0,True,111.87500000000003,0.0,1,1,1.0,0.0,150.27173665028116,1.0,0.0
180,181.0,112.46875000000003,0.0,0.34375000000000006,0.0,0.0,3.0,0.0,True,112.12500000000003,0.0,1,1,1.0,0.0,150.27173665028116,1.0,0.0
181,182.0,113.72250000000003,0.0,0.3475000000000001,0.0,0.0,3.0,0.0,True,113.37500000000003,0.0,1,1,1.0,0.0,150.27173665028116,1.0,0.0
182,183.0,112.09875000000002,0.0,0.34875000000000006,0.0,0.0,3.0,0.0,True,111.75000000000003,0.0,1,1,1.0,0.0,150.27173665028116,1.0,0.0
183,184.0,113.97750000000002,0.0,0.3525000000000001,0.0,0.0,3.0,0.0,True,113.62500000000003,0.0,1,1,1.0,0.0,150.27173665028116,1.0,0.0
184,185.0,114.22875000000002,0.0,0.35375000000000006,0.0,0.0,3.0,0.0,True,113.87500000000003,0.0,1,1,1.0,0.0,150.27173665028116,1.0,0.0
185,186.0,113.98000000000002,0.0,0.3550000000000001,0.0,0.0,3.0,0.0,True,113.62500000000003,0.0,1,1,1.0,0.0,150.27173665028116,1.0,0.0
186,187.0,119.98625000000003,0.0,0.36125000000000007,0.0,0.0,3.0,0.0,True,119.62500000000003,0.0,1,1,1.0,0.0,150.27173665028116,1.0,0.0
187,188.0,120.48750000000003,0.0,0.36250000000000004,0.0,0.0,3.0,0.0,True,120.12500000000003,0.0,1,1,1.0,0.0,150.27173665028116,1.0,0.0
188,189.0,120.73875000000002,0.0,0.3637500000000001,0.0,0.0,3.0,0.0,True,120.37500000000003,0.0,1,1,1.0,0.0,150.27173665028116,1.0,0.0
189,190.0,120.99000000000002,0.0,0.36500000000000005,0.0,0.0,3.0,0.0,True,120.62500000000003,0.0,1,1,1.0,0.0,150.27173665028116,1.0,0.0
190,191.0,120.86625000000002,0.0,0.3662500000000001,0.0,0.0,3.0,0.0,True,120.50000000000003,0.0,1,1,1.0,0.0,150.27173665028116,1.0,0.0
191,192.0,122.74500000000002,0.0,0.37000000000000005,0.0,0.0,3.0,0.0,True,122.37500000000003,0.0,1,1,1.0,0.0,150.27173665028116,1.0,0.0
192,193.0,122.99625000000002,0.0,0.3712500000000001,0.0,0.0,3.0,0.0,True,122.62500000000003,0.0,1,1,1.0,0.0,150.27173665028116,1.0,0.0
193,194.0,124.12500000000003,0.0,0.37500000000000006,0.0,0.0,3.0,0.0,True,123.75000000000003,0.0,1,1,1.0,0.0,150.27173665028116,1.0,0.0
194,195.0,124.25125000000003,0.0,0.3762500000000001,0.0,0.0,3.0,0.0,True,123.87500000000003,0.0,1,1,1.0,0.0,150.27173665028116,1.0,0.0
195,196.0,124.87750000000003,0.0,0.37750000000000006,0.0,0.0,3.0,0.0,True,124.50000000000003,0.0,1,1,1.0,0.0,150.27173665028116,1.0,0.0
196,197.0,125.88125000000002,0.0,0.3812500000000001,0.0,0.0,3.0,0.0,True,125.50000000000003,0.0,1,1,1.0,0.0,150.27173665028116,1.0,0.0
197,198.0,126.75750000000002,0.0,0.38250000000000006,0.0,0.0,3.0,0.0,True,126.37500000000003,0.0,1,1,1.0,0.0,150.27173665028116,1.0,0.0
198,199.0,125.88375000000002,0.0,0.3837500000000001,0.0,0.0,3.0,0.0,True,125.50000000000003,0.0,1,1,1.0,0.0,150.27173665028116,1.0,0.0
199,200.0,126.13500000000002,0.0,0.38500000000000006,0.0,0.0,3.0,0.0,True,125.75000000000003,0.0,1,1,1.0,0.0,150.27173665028116,1.0,0.0
200,201.0,126.38625000000002,0.0,0.3862500000000001,0.0,0.0,3.0,0.0,True,126.00000000000003,0.0,1,1,1.0,0.0,150.27173665028116,1.0,0.0
201,202.0,128.1425,0.0,0.39250000000000007,0.0,0.0,3.0,0.0,True,127.75000000000003,0.0,1,1,1.0,0.0,150.27173665028116,1.0,0.0
202,203.0,130.14875000000004,0.0,0.3987500000000001,0.0,0.0,3.0,0.0,True,129.75000000000003,0.0,1,1,1.0,0.0,150.27173665028116,1.0,0.0
203,204.0,130.15000000000003,0.0,0.4000000000000001,0.0,0.0,3.0,0.0,True,129.75000000000003,0.0,1,1,1.0,0.0,150.27173665028116,1.0,0.0
204,205.0,130.52625000000003,0.0,0.40125000000000005,0.0,0.0,3.0,0.0,True,130.12500000000003,0.0,1,1,1.0,0.0,150.27173665028116,1.0,0.0
205,206.0,130.77750000000003,0.0,0.4025000000000001,0.0,0.0,3.0,0.0,True,130.37500000000003,0.0,1,1,1.0,0.0,150.27173665028116,1.0,0.0
206,207.0,131.40375000000003,0.0,0.40375000000000005,0.0,0.0,3.0,0.0,True,131.00000000000003,0.0,1,1,1.0,0.0,150.27173665028116,1.0,0.0
207,208.0,131.65500000000003,0.0,0.4050000000000001,0.0,0.0,3.0,0.0,True,131.25000000000003,0.0,1,1,1.0,0.0,150.27173665028116,1.0,0.0
208,209.0,131.40625000000003,0.0,0.40625000000000006,0.0,0.0,3.0,0.0,True,131.00000000000003,0.0,1,1,1.0,0.0,150.27173665028116,1.0,0.0
209,210.0,134.16000000000003,0.0,0.4100000000000001,0.0,0.0,3.0,0.0,True,133.75000000000003,0.0,1,1,1.0,0.0,150.27173665028116,1.0,0.0
210,211.0,134.41125000000002,0.0,0.41125000000000006,0.0,0.0,3.0,0.0,True,134.00000000000003,0.0,1,1,1.0,0.0,150.27173665028116,1.0,0.0
211,212.0,135.66750000000002,0.0,0.4175000000000001,0.0,0.0,3.0,0.0,True,135.25000000000003,0.0,1,1,1.0,0.0,150.27173665028116,1.0,0.0
212,213.0,135.41875000000002,0.0,0.41875000000000007,0.0,0.0,3.0,0.0,True,135.00000000000003,0.0,1,1,1.0,0.0,150.27173665028116,1.0,0.0
213,214.0,135.9225,0.0,0.4225000000000001,0.0,0.0,3.0,0.0,True,135.50000000000003,0.0,1,1,1.0,0.0,150.27173665028116,1.0,0.0
214,215.0,136.04875,0.0,0.42375000000000007,0.0,0.0,3.0,0.0,True,135.62500000000003,0.0,1,1,1.0,0.0,150.27173665028116,1.0,0.0
215,216.0,136.05000000000004,0.0,0.4250000000000001,0.0,0.0,3.0,0.0,True,135.62500000000003,0.0,1,1,1.0,0.0,150.27173665028116,1.0,0.0
216,217.0,136.80375000000004,0.0,0.4287500000000001,0.0,0.0,3.0,0.0,True,136.37500000000003,0.0,1,1,1.0,0.0,150.27173665028116,1.0,0.0
217,218.0,139.18250000000003,0.0,0.4325000000000001,0.0,0.0,3.0,0.0,True,138.75000000000003,0.0,1,1,1.0,0.0,150.27173665028116,1.0,0.0
218,219.0,140.05875000000003,0.0,0.4337500000000001,0.0,0.0,3.0,0.0,True,139.62500000000003,0.0,1,1,1.0,0.0,150.27173665028116,1.0,0.0
219,220.0,140.06000000000003,0.0,0.4350000000000001,0.0,0.0,3.0,0.0,True,139.62500000000003,0.0,1,1,1.0,0.0,150.27173665028116,1.0,0.0
220,221.0,142.43875000000003,0.0,0.4387500000000001,0.0,0.0,3.0,0.0,True,142.00000000000003,0.0,1,1,1.0,0.0,150.27173665028116,1.0,0.0
221,222.0,143.19250000000002,0.0,0.44250000000000006,0.0,0.0,3.0,0.0,True,142.75000000000003,0.0,1,1,1.0,0.0,150.27173665028116,1.0,0.0
222,223.0,142.44375000000002,0.0,0.4437500000000001,0.0,0.0,3.0,0.0,True,142.00000000000003,0.0,1,1,1.0,0.0,150.27173665028116,1.0,0.0
223,224.0,142.19500000000002,0.0,0.44500000000000006,0.0,0.0,3.0,0.0,True,141.75000000000003,0.0,1,1,1.0,0.0,150.27173665028116,1.0,0.0
224,225.0,142.69625000000002,0.0,0.4462500000000001,0.0,0.0,3.0,0.0,True,142.25000000000003,0.0,1,1,1.0,0.0,150.27173665028116,1.0,0.0
225,226.0,144.82500000000002,0.0,0.45000000000000007,0.0,0.0,3.0,0.0,True,144.37500000000003,0.0,1,1,1.0,0.0,150.27173665028116,1.0,0.0
226,227.0,145.57875000000004,0.0,0.4537500000000001,0.0,0.0,3.0,0.0,True,145.12500000000003,0.0,1,1,1.0,0.0,150.27173665028116,1.0,0.0
227,228.0,145.83000000000004,0.0,0.45500000000000007,0.0,0.0,3.0,0.0,True,145.37500000000003,0.0,1,1,1.0,0.0,150.27173665028116,1.0,0.0
228,229.0,144.70625000000004,0.0,0.4562500000000001,0.0,0.0,3.0,0.0,True,144.25000000000003,0.0,1,1,1.0,0.0,150.27173665028116,1.0,0.0
229,230.0,146.96250000000003,0.0,0.4625000000000001,0.0,0.0,3.0,0.0,True,146.50000000000003,0.0,1,1,1.0,0.0,150.27173665028116,1.0,0.0
230,231.0,147.21375000000003,0.0,0.4637500000000001,0.0,0.0,3.0,0.0,True,146.75000000000003,0.0,1,1,1.0,0.0,150.27173665028116,1.0,0.0
231,232.0,147.09000000000003,0.0,0.4650000000000001,0.0,0.0,3.0,0.0,True,146.62500000000003,0.0,1,1,1.0,0.0,150.27173665028116,1.0,0.0
232,233.0,149.46875000000003,0.0,0.4687500000000001,0.0,0.0,3.0,0.0,True,149.00000000000003,0.0,1,1,1.0,0.0,150.27173665028116,1.0,0.0
233,234.0,149.72000000000003,0.0,0.4700000000000001,0.0,0.0,3.0,0.0,True,149.25000000000003,0.0,1,1,1.0,0.0,150.27173665028116,1.0,0.0
234,235.0,149.72125000000003,0.0,0.4712500000000001,0.0,0.0,3.0,0.0,True,149.25000000000003,0.0,1,1,1.0,0.0,150.27173665028116,1.0,0.0
235,236.0,150.72500000000002,0.0,0.4750000000000001,0.0,0.0,3.0,0.0,True,150.25000000000003,0.0,1,1,1.0,0.0,150.27173665028116,1.0,0.0
236,237.0,149.97625000000002,0.0,0.4762500000000001,0.0,0.0,3.0,0.0,True,149.50000000000003,0.0,1,1,1.0,0.0,150.27173665028116,1.0,0.0
237,238.0,151.98250000000002,0.0,0.4825000000000001,0.0,0.0,3.0,0.0,True,151.50000000000003,0.0,1,1,1.0,0.0,150.27173665028116,1.0,0.0
238,239.0,151.73375000000004,0.0,0.48375000000000007,0.0,0.0,3.0,0.0,True,151.25000000000003,0.0,1,1,1.0,0.0,150.27173665028116,1.0,0.0
239,240.0,150.23500000000004,0.0,0.4850000000000001,0.0,0.0,3.0,0.0,True,149.75000000000003,0.0,1,1,1.0,0.0,150.27173665028116,1.0,0.0
240,241.0,149.48625000000004,0.0,0.48625000000000007,0.0,0.0,3.0,0.0,True,149.00000000000003,0.0,1,1,1.0,0.0,150.27173665028116,1.0,0.0
241,242.0,150.99000000000004,0.0,0.4900000000000001,0.0,0.0,3.0,0.0,True,150.50000000000003,0.0,1,1,1.0,0.0,150.27173665028116,1.0,0.0
242,243.0,151.74375000000003,0.0,0.4937500000000001,0.0,0.0,3.0,0.0,True,151.25000000000003,0.0,1,1,1.0,0.0,150.27173665028116,1.0,0.0
243,244.0,153.50000000000003,0.0,0.5000000000000001,0.0,0.0,3.0,0.0,True,153.00000000000003,0.0,1,1,1.0,0.0,150.27173665028116,1.0,0.0
244,245.0,152.62625000000003,0.0,0.5012500000000001,0.0,0.0,3.0,0.0,True,152.12500000000003,0.0,1,1,1.0,0.0,150.27173665028116,1.0,0.0
245,246.0,152.62750000000003,0.0,0.5025000000000001,0.0,0.0,3.0,0.0,True,152.12500000000003,0.0,1,1,1.0,0.0,150.27173665028116,1.0,0.0
246,247.0,153.00375000000003,0.0,0.5037500000000001,0.0,0.0,3.0,0.0,True,152.50000000000003,0.0,1,1,1.0,0.0,150.27173665028116,1.0,0.0
247,248.0,152.25500000000002,0.0,0.5050000000000001,0.0,0.0,3.0,0.0,True,151.75000000000003,0.0,1,1,1.0,0.0,150.27173665028116,1.0,0.0
248,249.0,151.75625000000002,0.0,0.5062500000000001,0.0,0.0,3.0,0.0,True,151.25000000000003,0.0,1,1,1.0,0.0,150.27173665028116,1.0,0.0
249,250.0,151.63250000000002,0.0,0.5075000000000001,0.0,0.0,3.0,0.0,True,151.12500000000003,0.0,1,1,1.0,0.0,150.27173665028116,1.0,0.0
250,251.0,152.88875000000002,0.0,0.5137500000000002,0.0,0.0,3.0,0.0,True,152.37500000000003,0.0,1,1,1.0,0.0,150.27173665028116,1.0,0.0
251,252.0,151.89000000000004,0.0,0.5150000000000001,0.0,0.0,3.0,0.0,True,151.37500000000003,0.0,1,1,1.0,0.0,150.27173665028116,1.0,0.0
252,253.0,151.39125000000004,0.0,0.5162500000000001,0.0,0.0,3.0,0.0,True,150.87500000000003,0.0,1,1,1.0,0.0,150.27173665028116,1.0,0.0
253,254.0,150.39250000000004,0.0,0.5175000000000001,0.0,0.0,3.0,0.0,True,149.87500000000003,0.0,1,1,1.0,0.0,150.27173665028116,1.0,0.0
254,255.0,150.76875000000004,0.0,0.5187500000000002,0.0,0.0,3.0,0.0,True,150.25000000000003,0.0,1,1,1.0,0.0,150.27173665028116,1.0,0.0
255,256.0,150.64500000000004,0.0,0.5200000000000001,0.0,0.0,3.0,0.0,True,150.12500000000003,0.0,1,1,1.0,0.0,150.27173665028116,1.0,0.0
256,257.0,152.14875000000004,0.0,0.52375,0.0,0.0,3.0,0.0,True,151.62500000000003,0.0,1,1,1.0,0.0,150.27173665028116,1.0,0.0
257,258.0,154.27750000000003,0.0,0.5275000000000001,0.0,0.0,3.0,0.0,True,153.75000000000003,0.0,1,1,1.0,0.0,150.27173665028116,1.0,0.0
258,259.0,155.53125000000003,0.0,0.5312500000000001,0.0,0.0,3.0,0.0,True,155.00000000000003,0.0,1,1,1.0,0.0,150.27173665028116,1.0,0.0
259,260.0,155.53500000000003,0.0,0.5350000000000001,0.0,0.0,3.0,0.0,True,155.00000000000003,0.0,1,1,1.0,0.0,150.27173665028116,1.0,0.0
260,261.0,156.53875000000002,0.0,0.5387500000000001,0.0,0.0,3.0,0.0,True,156.00000000000003,0.0,1,1,1.0,0.0,150.27173665028116,1.0,0.0
261,262.0,158.54500000000004,0.0,0.5450000000000002,0.0,0.0,3.0,0.0,True,158.00000000000003,0.0,1,1,1.0,0.0,150.27173665028116,1.0,0.0
262,263.0,159.79875000000004,0.0,0.5487500000000001,0.0,0.0,3.0,0.0,True,159.25000000000003,0.0,1,1,1.0,0.0,150.27173665028116,1.0,0.0
263,264.0,162.43000000000004,0.0,0.5550000000000002,0.0,0.0,3.0,0.0,True,161.87500000000003,0.0,1,1,1.0,0.0,150.27173665028116,1.0,0.0
264,265.0,162.93125000000003,0.0,0.5562500000000001,0.0,0.0,3.0,0.0,True,162.37500000000003,0.0,1,1,1.0,0.0,150.27173665028116,1.0,0.0
265,266.0,163.93500000000003,0.0,0.56,0.0,0.0,3.0,0.0,True,163.37500000000003,0.0,1,1,1.0,0.0,150.27173665028116,1.0,0.0
266,267.0,163.43625000000003,0.0,0.5612500000000001,0.0,0.0,3.0,0.0,True,162.87500000000003,0.0,1,1,1.0,0.0,150.27173665028116,1.0,0.0
267,268.0,163.06250000000003,0.0,0.5625000000000001,0.0,0.0,3.0,0.0,True,162.50000000000003,0.0,1,1,1.0,0.0,150.27173665028116,1.0,0.0
268,269.0,164.31625000000003,0.0,0.5662500000000001,0.0,0.0,3.0,0.0,True,163.75000000000003,0.0,1,1,1.0,0.0,150.27173665028116,1.0,0.0
269,270.0,164.56750000000002,0.0,0.5675000000000001,0.0,0.0,3.0,0.0,True,164.00000000000003,0.0,1,1,1.0,0.0,150.27173665028116,1.0,0.0
270,271.0,165.69625000000002,0.0,0.5712500000000001,0.0,0.0,3.0,0.0,True,165.12500000000003,0.0,1,1,1.0,0.0,150.27173665028116,1.0,0.0
271,272.0,166.20000000000005,0.0,0.5750000000000001,0.0,0.0,3.0,0.0,True,165.62500000000003,0.0,1,1,1.0,0.0,150.27173665028116,1.0,0.0
272,273.0,165.95125000000004,0.0,0.5762500000000002,0.0,0.0,3.0,0.0,True,165.37500000000003,0.0,1,1,1.0,0.0,150.27173665028116,1.0,0.0
273,274.0,165.95250000000004,0.0,0.5775000000000001,0.0,0.0,3.0,0.0,True,165.37500000000003,0.0,1,1,1.0,0.0,150.27173665028116,1.0,0.0
274,275.0,167.33125000000004,0.0,0.5812500000000002,0.0,0.0,3.0,0.0,True,166.75000000000003,0.0,1,1,1.0,0.0,150.27173665028116,1.0,0.0
275,276.0,169.71000000000004,0.0,0.5850000000000001,0.0,0.0,3.0,0.0,True,169.12500000000003,0.0,1,1,1.0,0.0,150.27173665028116,1.0,0.0
276,277.0,168.96125000000004,0.0,0.5862500000000002,0.0,0.0,3.0,0.0,True,168.37500000000003,0.0,1,1,1.0,0.0,150.27173665028116,1.0,0.0
277,278.0,168.21250000000003,0.0,0.5875000000000001,0.0,0.0,3.0,0.0,True,167.62500000000003,0.0,1,2,1.0,0.0,150.27173665028116,1.0,3.5169909801580843
278,279.0,170.21875000000003,0.0,0.5937500000000001,0.0,0.0,3.0,0.0,True,169.62500000000003,0.0,1,2,1.0,0.0,203.12217088745413,1.0,0.0
279,280.0,169.47250000000003,0.0,0.5975000000000001,0.0,0.0,3.0,0.0,True,168.87500000000003,0.0,1,2,1.0,0.0,203.12217088745413,1.0,0.0
280,281.0,169.97625000000002,0.0,0.6012500000000001,0.0,0.0,3.0,0.0,True,169.37500000000003,0.0,1,2,1.0,0.0,203.12217088745413,1.0,0.0
281,282.0,169.47750000000002,0.0,0.6025000000000001,0.0,0.0,3.0,0.0,True,168.87500000000003,0.0,1,2,1.0,0.0,203.12217088745413,1.0,0.0
282,283.0,169.47875000000002,0.0,0.6037500000000001,0.0,0.0,3.0,0.0,True,168.87500000000003,0.0,1,2,1.0,0.0,203.12217088745413,1.0,0.0
283,284.0,168.98000000000005,0.0,0.6050000000000001,0.0,0.0,3.0,0.0,True,168.37500000000003,0.0,1,2,1.0,0.0,203.12217088745413,1.0,0.0
284,285.0,171.10875000000004,0.0,0.6087500000000001,0.0,0.0,3.0,0.0,True,170.50000000000003,0.0,1,2,1.0,0.0,203.12217088745413,1.0,0.0
285,286.0,172.36250000000004,0.0,0.6125000000000002,0.0,0.0,3.0,0.0,True,171.75000000000003,0.0,1,2,1.0,0.0,203.12217088745413,1.0,0.0
286,287.0,173.36375000000004,0.0,0.6137500000000001,0.0,0.0,3.0,0.0,True,172.75000000000003,0.0,1,2,1.0,0.0,203.12217088745413,1.0,0.0
287,288.0,174.36750000000004,0.0,0.6175000000000002,0.0,0.0,3.0,0.0,True,173.75000000000003,0.0,1,2,1.0,0.0,203.12217088745413,1.0,0.0
288,289.0,174.24375000000003,0.0,0.6187500000000001,0.0,0.0,3.0,0.0,True,173.62500000000003,0.0,1,2,1.0,0.0,203.12217088745413,1.0,0.0
289,290.0,173.74500000000003,0.0,0.6200000000000001,0.0,0.0,3.0,0.0,True,173.12500000000003,0.0,1,2,1.0,0.0,203.12217088745413,1.0,0.0
290,291.0,173.74625000000003,0.0,0.6212500000000001,0.0,0.0,3.0,0.0,True,173.12500000000003,0.0,1,2,1.0,0.0,203.12217088745413,1.0,0.0
291,292.0,173.12250000000003,0.0,0.6225000000000002,0.0,0.0,3.0,0.0,True,172.50000000000003,0.0,1,3,1.0,0.0,203.12217088745413,1.0,3.6462348621120952
292,293.0,172.87375000000003,0.0,0.6237500000000001,0.0,0.0,3.0,0.0,True,172.25000000000003,0.0,1,3,1.0,0.0,277.1852849632267,1.0,0.0
293,294.0,174.88000000000002,0.0,0.6300000000000001,0.0,0.0,3.0,0.0,True,174.25000000000003,0.0,1,3,1.0,0.0,277.1852849632267,1.0,0.0
294,295.0,175.50625000000002,0.0,0.6312500000000001,0.0,0.0,3.0,0.0,True,174.87500000000003,0.0,1,3,1.0,0.0,277.1852849632267,1.0,0.0
295,296.0,176.51000000000005,0.0,0.6350000000000001,0.0,0.0,3.0,0.0,True,175.87500000000003,0.0,1,3,1.0,0.0,277.1852849632267,1.0,0.0
296,297.0,175.38625000000005,0.0,0.6362500000000001,0.0,0.0,3.0,0.0,True,174.75000000000003,0.0,1,3,1.0,0.0,277.1852849632267,1.0,0.0
297,298.0,176.39000000000004,0.0,0.6400000000000001,0.0,0.0,3.0,0.0,True,175.75000000000003,0.0,1,3,1.0,0.0,277.1852849632267,1.0,0.0
298,299.0,175.26625000000004,0.0,0.6412500000000001,0.0,0.0,3.0,0.0,True,174.62500000000003,0.0,1,3,1.0,0.0,277.1852849632267,1.0,0.0
299,300.0,175.51750000000004,0.0,0.6425000000000001,0.0,0.0,3.0,0.0,True,174.87500000000003,0.0,1,3,1.0,0.0,277.1852849632267,1.0,0.0
300,301.0,176.14375000000004,0.0,0.6437500000000002,0.0,0.0,3.0,0.0,True,175.50000000000003,0.0,1,3,1.0,0.0,277.1852849632267,1.0,0.0
301,302.0,175.64500000000004,0.0,0.6450000000000001,0.0,0.0,3.0,0.0,True,175.00000000000003,0.0,1,3,1.0,0.0,277.1852849632267,1.0,0.0
302,303.0,176.77375000000004,0.0,0.6487500000000002,0.0,0.0,3.0,0.0,True,176.12500000000003,0.0,1,3,1.0,0.0,277.1852849632267,1.0,0.0
303,304.0,178.15250000000003,0.0,0.6525000000000001,0.0,0.0,3.0,0.0,True,177.50000000000003,0.0,1,3,1.0,0.0,277.1852849632267,1.0,0.0
304,305.0,179.28125000000003,0.0,0.6562500000000001,0.0,0.0,3.0,0.0,True,178.62500000000003,0.0,1,3,1.0,0.0,277.1852849632267,1.0,0.0
305,306.0,179.53250000000003,0.0,0.6575000000000001,0.0,0.0,3.0,0.0,True,178.87500000000003,0.0,1,3,1.0,0.0,277.1852849632267,1.0,0.0
306,307.0,179.65875000000003,0.0,0.6587500000000002,0.0,0.0,3.0,0.0,True,179.00000000000003,0.0,1,3,1.0,0.0,277.1852849632267,1.0,0.0
307,308.0,179.91000000000003,0.0,0.6600000000000001,0.0,0.0,3.0,0.0,True,179.25000000000003,0.0,1,3,1.0,0.0,277.1852849632267,1.0,0.0
308,309.0,180.91375000000002,0.0,0.6637500000000002,0.0,0.0,3.0,0.0,True,180.25000000000003,0.0,1,3,1.0,0.0,277.1852849632267,1.0,0.0
309,310.0,181.16750000000005,0.0,0.6675000000000001,0.0,0.0,3.0,0.0,True,180.50000000000003,0.0,1,3,1.0,0.0,277.1852849632267,1.0,0.0
310,311.0,182.54625000000004,0.0,0.6712500000000001,0.0,0.0,3.0,0.0,True,181.87500000000003,0.0,1,3,1.0,0.0,277.1852849632267,1.0,0.0
311,312.0,182.29750000000004,0.0,0.6725000000000001,0.0,0.0,3.0,0.0,True,181.62500000000003,0.0,1,3,1.0,0.0,277.1852849632267,1.0,0.0
312,313.0,182.92875000000004,0.0,0.6787500000000002,0.0,0.0,3.0,0.0,True,182.25000000000003,0.0,1,3,1.0,0.0,277.1852849632267,1.0,0.0
313,314.0,183.30500000000004,0.0,0.6800000000000002,0.0,0.0,3.0,0.0,True,182.62500000000003,0.0,1,3,1.0,0.0,277.1852849632267,1.0,0.0
314,315.0,181.68125000000003,0.0,0.6812500000000001,0.0,0.0,3.0,0.0,True,181.00000000000003,0.0,1,3,1.0,0.0,277.1852849632267,1.0,0.0
315,316.0,182.43500000000003,0.0,0.6850000000000002,0.0,0.0,3.0,0.0,True,181.75000000000003,0.0,1,3,1.0,0.0,277.1852849632267,1.0,0.0
316,317.0,183.94125000000003,0.0,0.6912500000000001,0.0,0.0,3.0,0.0,True,183.25000000000003,0.0,1,3,1.0,0.0,277.1852849632267,1.0,0.0
317,318.0,184.94500000000005,0.0,0.6950000000000002,0.0,0.0,3.0,0.0,True,184.25000000000003,0.0,1,3,1.0,0.0,277.1852849632267,1.0,0.0
318,319.0,186.95125000000004,0.0,0.7012500000000002,0.0,0.0,3.0,0.0,True,186.25000000000003,0.0,1,3,1.0,0.0,277.1852849632267,1.0,0.0
319,320.0,187.20250000000004,0.0,0.7025000000000001,0.0,0.0,3.0,0.0,True,186.50000000000003,0.0,1,3,1.0,0.0,277.1852849632267,1.0,0.0
320,321.0,187.95875000000004,0.0,0.7087500000000001,0.0,0.0,3.0,0.0,True,187.25000000000003,0.0,1,4,1.0,0.0,277.1852849632267,1.0,2.00821954116023
321,322.0,187.46000000000004,0.0,0.7100000000000002,0.0,0.0,3.0,0.0,True,186.75000000000003,0.0,1,4,1.0,0.0,332.85017554174857,1.0,0.0
322,323.0,188.96375000000003,0.0,0.7137500000000001,0.0,0.0,3.0,0.0,True,188.25000000000003,0.0,1,4,1.0,0.0,332.85017554174857,1.0,0.0
323,324.0,188.46500000000003,0.0,0.7150000000000002,0.0,0.0,3.0,0.0,True,187.75000000000003,0.0,1,4,1.0,0.0,332.85017554174857,1.0,0.0
324,325.0,189.46875000000003,0.0,0.7187500000000001,0.0,0.0,3.0,0.0,True,188.75000000000003,0.0,1,4,1.0,0.0,332.85017554174857,1.0,0.0
325,326.0,186.84500000000003,0.0,0.7200000000000002,0.0,0.0,3.0,0.0,True,186.12500000000003,0.0,1,5,1.0,0.0,332.85017554174857,1.0,5.14509926468088
326,327.0,188.09875000000002,0.0,0.7237500000000001,0.0,0.0,3.0,0.0,True,187.37500000000003,0.0,1,5,1.0,0.0,504.1048948846238,1.0,0.0
327,328.0,187.97500000000002,0.0,0.7250000000000001,0.0,0.0,3.0,0.0,True,187.25000000000003,0.0,1,5,1.0,0.0,504.1048948846238,1.0,0.0
328,329.0,188.73125000000005,0.0,0.7312500000000002,0.0,0.0,3.0,0.0,True,188.00000000000003,0.0,1,5,1.0,0.0,504.1048948846238,1.0,0.0
329,330.0,189.10750000000004,0.0,0.7325000000000002,0.0,0.0,3.0,0.0,True,188.37500000000003,0.0,1,5,1.0,0.0,504.1048948846238,1.0,0.0
330,331.0,188.85875000000004,0.0,0.7337500000000001,0.0,0.0,3.0,0.0,True,188.12500000000003,0.0,1,5,1.0,0.0,504.1048948846238,1.0,0.0
331,332.0,188.61000000000004,0.0,0.7350000000000001,0.0,0.0,3.0,0.0,True,187.87500000000003,0.0,1,5,1.0,0.0,504.1048948846238,1.0,0.0
332,333.0,188.36125000000004,0.0,0.7362500000000002,0.0,0.0,3.0,0.0,True,187.62500000000003,0.0,1,5,1.0,0.0,504.1048948846238,1.0,0.0
333,334.0,188.11250000000004,0.0,0.7375000000000002,0.0,0.0,3.0,0.0,True,187.37500000000003,0.0,1,5,1.0,0.0,504.1048948846238,1.0,0.0
334,335.0,185.11125000000004,0.0,0.7362500000000002,0.0,0.0,3.0,0.0,True,184.37500000000003,0.0,1,6,1.0,0.0,504.1048948846238,1.0,5.780045084971874
335,336.0,184.86250000000004,0.0,0.7375000000000002,0.0,0.0,3.0,0.0,True,184.12500000000003,0.0,1,6,1.0,0.0,795.4797968834371,1.0,0.0
336,337.0,185.86875000000003,0.0,0.7437500000000001,0.0,0.0,3.0,0.0,True,185.12500000000003,0.0,1,6,1.0,0.0,795.4797968834371,1.0,0.0
337,338.0,185.87000000000003,0.0,0.7450000000000001,0.0,0.0,3.0,0.0,True,185.12500000000003,0.0,1,6,1.0,0.0,795.4797968834371,1.0,0.0
338,339.0,187.87625000000003,0.0,0.7512500000000002,0.0,0.0,3.0,0.0,True,187.12500000000003,0.0,1,6,1.0,0.0,795.4797968834371,1.0,0.0
339,340.0,188.63000000000002,0.0,0.7550000000000001,0.0,0.0,3.0,0.0,True,187.87500000000003,0.0,1,6,1.0,0.0,795.4797968834371,1.0,0.0
340,341.0,188.63125000000002,0.0,0.7562500000000002,0.0,0.0,3.0,0.0,True,187.87500000000003,0.0,1,6,1.0,0.0,795.4797968834371,1.0,0.0
341,342.0,191.13750000000005,0.0,0.7625000000000002,0.0,0.0,3.0,0.0,True,190.37500000000003,0.0,1,6,1.0,0.0,795.4797968834371,1.0,0.0
342,343.0,190.51375000000004,0.0,0.7637500000000002,0.0,0.0,3.0,0.0,True,189.75000000000003,0.0,1,6,1.0,0.0,795.4797968834371,1.0,0.0
343,344.0,190.39000000000004,0.0,0.7650000000000001,0.0,0.0,3.0,0.0,True,189.62500000000003,0.0,1,6,1.0,0.0,795.4797968834371,1.0,0.0
344,345.0,191.01875000000004,0.0,0.7687500000000002,0.0,0.0,3.0,0.0,True,190.25000000000003,0.0,1,6,1.0,0.0,795.4797968834371,1.0,0.0
345,346.0,190.52000000000004,0.0,0.7700000000000001,0.0,0.0,3.0,0.0,True,189.75000000000003,0.0,1,6,1.0,0.0,795.4797968834371,1.0,0.0
346,347.0,191.52375000000004,0.0,0.7737500000000002,0.0,0.0,3.0,0.0,True,190.75000000000003,0.0,1,6,1.0,0.0,795.4797968834371,1.0,0.0
347,348.0,192.27750000000003,0.0,0.7775000000000002,0.0,0.0,3.0,0.0,True,191.50000000000003,0.0,1,6,1.0,0.0,795.4797968834371,1.0,0.0
348,349.0,190.40375000000003,0.0,0.7787500000000002,0.0,0.0,3.0,0.0,True,189.62500000000003,0.0,1,6,1.0,0.0,795.4797968834371,1.0,0.0
349,350.0,189.53000000000003,0.0,0.7800000000000001,0.0,0.0,3.0,0.0,True,188.75000000000003,0.0,1,6,1.0,0.0,795.4797968834371,1.0,0.0
350,351.0,188.78125000000003,0.0,0.7812500000000001,0.0,0.0,3.0,0.0,True,188.00000000000003,0.0,1,6,1.0,0.0,795.4797968834371,1.0,0.0
351,352.0,192.66250000000005,0.0,0.7875000000000002,0.0,0.0,3.0,0.0,True,191.87500000000003,0.0,1,6,1.0,0.0,795.4797968834371,1.0,0.0
352,353.0,193.41875000000005,0.0,0.7937500000000002,0.0,0.0,3.0,0.0,True,192.62500000000003,0.0,1,6,1.0,0.0,795.4797968834371,1.0,0.0
353,354.0,193.17000000000004,0.0,0.7950000000000002,0.0,0.0,3.0,0.0,True,192.37500000000003,0.0,1,6,1.0,0.0,795.4797968834371,1.0,0.0
354,355.0,193.92375000000004,0.0,0.7987500000000002,0.0,0.0,3.0,0.0,True,193.12500000000003,0.0,1,6,1.0,0.0,795.4797968834371,1.0,0.0
355,356.0,194.67500000000004,0.0,0.8000000000000002,0.0,0.0,3.0,0.0,True,193.87500000000003,0.0,1,6,1.0,0.0,795.4797968834371,1.0,0.0
356,357.0,194.05125000000004,0.0,0.8012500000000001,0.0,0.0,3.0,0.0,True,193.25000000000003,0.0,1,6,1.0,0.0,795.4797968834371,1.0,0.0
357,358.0,195.05500000000004,0.0,0.8050000000000002,0.0,0.0,3.0,0.0,True,194.25000000000003,0.0,1,6,1.0,0.0,795.4797968834371,1.0,0.0
358,359.0,195.55625000000003,0.0,0.8062500000000001,0.0,0.0,3.0,0.0,True,194.75000000000003,0.0,1,6,1.0,0.0,795.4797968834371,1.0,0.0
359,360.0,195.05750000000003,0.0,0.8075000000000001,0.0,0.0,3.0,0.0,True,194.25000000000003,0.0,1,6,1.0,0.0,795.4797968834371,1.0,0.0
360,361.0,196.06125000000003,0.0,0.8112500000000001,0.0,0.0,3.0,0.0,True,195.25000000000003,0.0,1,6,1.0,0.0,795.4797968834371,1.0,0.0
361,362.0,196.56500000000003,0.0,0.8150000000000002,0.0,0.0,3.0,0.0,True,195.75000000000003,0.0,1,6,1.0,0.0,795.4797968834371,1.0,0.0
362,363.0,195.19125000000003,0.0,0.8162500000000001,0.0,0.0,3.0,0.0,True,194.37500000000003,0.0,1,6,1.0,0.0,795.4797968834371,1.0,0.0
363,364.0,194.44250000000002,0.0,0.8175000000000001,0.0,0.0,3.0,0.0,True,193.62500000000003,0.0,1,6,1.0,0.0,795.4797968834371,1.0,0.0
364,365.0,195.69875000000005,0.0,0.8237500000000002,0.0,0.0,3.0,0.0,True,194.87500000000003,0.0,1,6,1.0,0.0,795.4797968834371,1.0,0.0
365,366.0,196.95250000000004,0.0,0.8275000000000001,0.0,0.0,3.0,0.0,True,196.12500000000003,0.0,1,6,1.0,0.0,795.4797968834371,1.0,0.0
366,367.0,197.95375000000004,0.0,0.8287500000000002,0.0,0.0,3.0,0.0,True,197.12500000000003,0.0,1,6,1.0,0.0,795.4797968834371,1.0,0.0
367,368.0,196.83000000000004,0.0,0.8300000000000002,0.0,0.0,3.0,0.0,True,196.00000000000003,0.0,1,6,1.0,0.0,795.4797968834371,1.0,0.0
368,369.0,197.33625000000004,0.0,0.8362500000000002,0.0,0.0,3.0,0.0,True,196.50000000000003,0.0,1,6,1.0,0.0,795.4797968834371,1.0,0.0
369,370.0,197.58750000000003,0.0,0.8375000000000001,0.0,0.0,3.0,0.0,True,196.75000000000003,0.0,1,6,1.0,0.0,795.4797968834371,1.0,0.0
370,371.0,197.71375000000003,0.0,0.8387500000000002,0.0,0.0,3.0,0.0,True,196.87500000000003,0.0,1,6,1.0,0.0,795.4797968834371,1.0,0.0
371,372.0,197.71500000000003,0.0,0.8400000000000002,0.0,0.0,3.0,0.0,True,196.87500000000003,0.0,1,6,1.0,0.0,795.4797968834371,1.0,0.0
372,373.0,201.59625000000003,0.0,0.8462500000000002,0.0,0.0,3.0,0.0,True,200.75000000000003,0.0,1,6,1.0,0.0,795.4797968834371,1.0,0.0
373,374.0,203.47500000000005,0.0,0.8500000000000002,0.0,0.0,3.0,0.0,True,202.62500000000003,0.0,1,6,1.0,0.0,795.4797968834371,1.0,0.0
374,375.0,204.47875000000005,0.0,0.8537500000000001,0.0,0.0,3.0,0.0,True,203.62500000000003,0.0,1,6,1.0,0.0,795.4797968834371,1.0,0.0
375,376.0,205.35750000000004,0.0,0.8575000000000002,0.0,0.0,3.0,0.0,True,204.50000000000003,0.0,1,6,1.0,0.0,795.4797968834371,1.0,0.0
376,377.0,206.36125000000004,0.0,0.8612500000000002,0.0,0.0,3.0,0.0,True,205.50000000000003,0.0,1,6,1.0,0.0,795.4797968834371,1.0,0.0
377,378.0,206.86500000000004,0.0,0.8650000000000002,0.0,0.0,3.0,0.0,True,206.00000000000003,0.0,1,6,1.0,0.0,795.4797968834371,1.0,0.0
378,379.0,208.74375000000003,0.0,0.8687500000000001,0.0,0.0,3.0,0.0,True,207.87500000000003,0.0,1,6,1.0,0.0,795.4797968834371,1.0,0.0
379,380.0,211.37500000000003,0.0,0.8750000000000002,0.0,0.0,3.0,0.0,True,210.50000000000003,0.0,1,6,1.0,0.0,795.4797968834371,1.0,0.0
380,381.0,211.62875000000005,0.0,0.8787500000000001,0.0,0.0,3.0,0.0,True,210.75000000000003,0.0,1,6,1.0,0.0,795.4797968834371,1.0,0.0
381,382.0,211.50750000000005,0.0,0.8825000000000002,0.0,0.0,3.0,0.0,True,210.62500000000003,0.0,1,6,1.0,0.0,795.4797968834371,1.0,0.0
382,383.0,212.76375000000004,0.0,0.8887500000000002,0.0,0.0,3.0,0.0,True,211.87500000000003,0.0,1,6,1.0,0.0,795.4797968834371,1.0,0.0
383,384.0,212.39000000000004,0.0,0.8900000000000001,0.0,0.0,3.0,0.0,True,211.50000000000003,0.0,1,6,1.0,0.0,795.4797968834371,1.0,0.0
384,385.0,212.39125000000004,0.0,0.8912500000000002,0.0,0.0,3.0,0.0,True,211.50000000000003,0.0,1,6,1.0,0.0,795.4797968834371,1.0,0.0
385,386.0,213.64750000000004,0.0,0.8975000000000002,0.0,0.0,3.0,0.0,True,212.75000000000003,0.0,1,6,1.0,0.0,795.4797968834371,1.0,0.0
386,387.0,214.40125000000003,0.0,0.9012500000000002,0.0,0.0,3.0,0.0,True,213.50000000000003,0.0,1,6,1.0,0.0,795.4797968834371,1.0,0.0
387,388.0,214.65250000000003,0.0,0.9025000000000002,0.0,0.0,3.0,0.0,True,213.75000000000003,0.0,1,6,1.0,0.0,795.4797968834371,1.0,0.0
388,389.0,215.90625000000003,0.0,0.9062500000000002,0.0,0.0,3.0,0.0,True,215.00000000000003,0.0,1,6,1.0,0.0,795.4797968834371,1.0,0.0
389,390.0,215.65750000000006,0.0,0.9075000000000002,0.0,0.0,3.0,0.0,True,214.75000000000003,0.0,1,6,1.0,0.0,795.4797968834371,1.0,0.0
390,391.0,219.28875000000005,0.0,0.9137500000000002,0.0,0.0,3.0,0.0,True,218.37500000000003,0.0,1,6,1.0,0.0,795.4797968834371,1.0,0.0
391,392.0,219.91500000000005,0.0,0.9150000000000001,0.0,0.0,3.0,0.0,True,219.00000000000003,0.0,1,6,1.0,0.0,795.4797968834371,1.0,0.0
392,393.0,221.54625000000004,0.0,0.9212500000000001,0.0,0.0,3.0,0.0,True,220.62500000000006,0.0,1,6,1.0,0.0,795.4797968834371,1.0,0.0
393,394.0,223.55250000000004,0.0,0.9275000000000002,0.0,0.0,3.0,0.0,True,222.62500000000006,0.0,1,6,1.0,0.0,795.4797968834371,1.0,0.0
394,395.0,223.30375000000004,0.0,0.9287500000000002,0.0,0.0,3.0,0.0,True,222.37500000000006,0.0,1,6,1.0,0.0,795.4797968834371,1.0,0.0
395,396.0,222.80500000000004,0.0,0.9300000000000002,0.0,0.0,3.0,0.0,True,221.87500000000006,0.0,1,6,1.0,0.0,795.4797968834371,1.0,0.0
396,397.0,220.80125000000004,0.0,0.9262500000000001,0.0,0.0,3.0,0.0,True,219.87500000000006,0.0,1,7,1.0,0.0,795.4797968834371,1.0,4.7757556793950755
397,398.0,223.05750000000003,0.0,0.9325000000000002,0.0,0.0,3.0,0.0,True,222.12500000000006,0.0,1,7,1.0,0.0,1175.3815126644486,1.0,0.0
398,399.0,223.06125000000003,0.0,0.9362500000000001,0.0,0.0,3.0,0.0,True,222.12500000000006,0.0,1,7,1.0,0.0,1175.3815126644486,1.0,0.0
399,400.0,225.19000000000005,0.0,0.9400000000000002,0.0,0.0,3.0,0.0,True,224.25000000000006,0.0,1,7,1.0,0.0,1175.3815126644486,1.0,0.0
400,401.0,227.19625000000005,0.0,0.9462500000000001,0.0,0.0,3.0,0.0,True,226.25000000000006,0.0,1,7,1.0,0.0,1175.3815126644486,1.0,0.0
401,402.0,227.19750000000005,0.0,0.9475000000000002,0.0,0.0,3.0,0.0,True,226.25000000000006,0.0,1,7,1.0,0.0,1175.3815126644486,1.0,0.0
402,403.0,228.20125000000004,0.0,0.9512500000000002,0.0,0.0,3.0,0.0,True,227.25000000000006,0.0,1,7,1.0,0.0,1175.3815126644486,1.0,0.0
403,404.0,229.33000000000004,0.0,0.9550000000000002,0.0,0.0,3.0,0.0,True,228.37500000000006,0.0,1,7,1.0,0.0,1175.3815126644486,1.0,0.0
404,405.0,230.08625000000004,0.0,0.9612500000000002,0.0,0.0,3.0,0.0,True,229.12500000000006,0.0,1,7,1.0,0.0,1175.3815126644486,1.0,0.0
405,406.0,232.21500000000003,0.0,0.9650000000000002,0.0,0.0,3.0,0.0,True,231.25000000000006,0.0,1,7,1.0,0.0,1175.3815126644486,1.0,0.0
406,407.0,232.96875000000006,0.0,0.9687500000000002,0.0,0.0,3.0,0.0,True,232.00000000000006,0.0,1,7,1.0,0.0,1175.3815126644486,1.0,0.0
407,408.0,228.84000000000003,0.0,0.9650000000000002,0.0,0.0,3.0,0.0,True,227.87500000000006,0.0,1,8,1.0,0.0,1175.3815126644486,1.0,6.905220601233509
408,409.0,229.09375000000006,0.0,0.9687500000000002,0.0,0.0,3.0,0.0,True,228.12500000000006,0.0,1,8,1.0,0.0,1987.008376220404,1.0,0.0
409,410.0,228.59750000000005,0.0,0.9725000000000001,0.0,0.0,3.0,0.0,True,227.62500000000006,0.0,1,8,1.0,0.0,1987.008376220404,1.0,0.0
410,411.0,229.35375000000005,0.0,0.9787500000000002,0.0,0.0,3.0,0.0,True,228.37500000000006,0.0,1,8,1.0,0.0,1987.008376220404,1.0,0.0
411,412.0,232.85750000000004,0.0,0.9825000000000002,0.0,0.0,3.0,0.0,True,231.87500000000006,0.0,1,8,1.0,0.0,1987.008376220404,1.0,0.0
412,413.0,232.98375000000004,0.0,0.9837500000000002,0.0,0.0,3.0,0.0,True,232.00000000000006,0.0,1,8,1.0,0.0,1987.008376220404,1.0,0.0
413,414.0,233.48750000000004,0.0,0.9875000000000002,0.0,0.0,3.0,0.0,True,232.50000000000006,0.0,1,8,1.0,0.0,1987.008376220404,1.0,0.0
414,415.0,233.73875000000004,0.0,0.9887500000000002,0.0,0.0,3.0,0.0,True,232.75000000000006,0.0,1,8,1.0,0.0,1987.008376220404,1.0,0.0
415,416.0,233.99000000000004,0.0,0.9900000000000002,0.0,0.0,3.0,0.0,True,233.00000000000006,0.0,1,8,1.0,0.0,1987.008376220404,1.0,0.0
416,417.0,233.49125000000004,0.0,0.9912500000000002,0.0,0.0,3.0,0.0,True,232.50000000000006,0.0,1,8,1.0,0.0,1987.008376220404,1.0,0.0
417,418.0,233.24250000000004,0.0,0.9925000000000002,0.0,0.0,3.0,0.0,True,232.25000000000006,0.0,1,8,1.0,0.0,1987.008376220404,1.0,0.0
418,419.0,233.37125000000003,0.0,0.9962500000000002,0.0,0.0,3.0,0.0,True,232.37500000000006,0.0,1,8,1.0,0.0,1987.008376220404,1.0,0.0
419,420.0,237.00250000000005,0.0,1.0025000000000002,0.0,0.0,3.0,0.0,True,236.00000000000006,0.0,1,8,1.0,0.0,1987.008376220404,1.0,0.0
420,421.0,238.00625000000005,0.0,1.00625,0.0,0.0,3.0,0.0,True,237.00000000000006,0.0,1,8,1.0,0.0,1987.008376220404,1.0,0.0
421,422.0,237.25750000000005,0.0,1.0075000000000003,0.0,0.0,3.0,0.0,True,236.25000000000006,0.0,1,8,1.0,0.0,1987.008376220404,1.0,0.0
422,423.0,234.13375000000005,0.0,1.0087500000000003,0.0,0.0,3.0,0.0,True,233.12500000000006,0.0,1,8,1.0,0.0,1987.008376220404,1.0,0.0
423,424.0,234.63750000000005,0.0,1.0125000000000002,0.0,0.0,3.0,0.0,True,233.62500000000006,0.0,1,8,1.0,0.0,1987.008376220404,1.0,0.0
424,425.0,231.26375000000004,0.0,1.0137500000000002,0.0,0.0,3.0,0.0,True,230.25000000000006,0.0,1,8,1.0,0.0,1987.008376220404,1.0,0.0
425,426.0,232.51750000000004,0.0,1.0175000000000003,0.0,0.0,3.0,0.0,True,231.50000000000006,0.0,1,8,1.0,0.0,1987.008376220404,1.0,0.0
426,427.0,233.02125000000004,0.0,1.0212500000000002,0.0,0.0,3.0,0.0,True,232.00000000000006,0.0,1,8,1.0,0.0,1987.008376220404,1.0,0.0
427,428.0,234.77750000000003,0.0,1.0275000000000003,0.0,0.0,3.0,0.0,True,233.75000000000006,0.0,1,8,1.0,0.0,1987.008376220404,1.0,0.0
428,429.0,235.28125000000006,0.0,1.0312500000000002,0.0,0.0,3.0,0.0,True,234.25000000000006,0.0,1,8,1.0,0.0,1987.008376220404,1.0,0.0
429,430.0,237.28750000000005,0.0,1.0375000000000003,0.0,0.0,3.0,0.0,True,236.25000000000006,0.0,1,8,1.0,0.0,1987.008376220404,1.0,0.0
430,431.0,236.53875000000005,0.0,1.0387500000000003,0.0,0.0,3.0,0.0,True,235.50000000000006,0.0,1,8,1.0,0.0,1987.008376220404,1.0,0.0
431,432.0,238.54500000000004,0.0,1.0450000000000002,0.0,0.0,3.0,0.0,True,237.50000000000006,0.0,1,8,1.0,0.0,1987.008376220404,1.0,0.0
432,433.0,239.29875000000004,0.0,1.0487500000000003,0.0,0.0,3.0,0.0,True,238.25000000000006,0.0,1,8,1.0,0.0,1987.008376220404,1.0,0.0
433,434.0,239.67750000000004,0.0,1.0525000000000002,0.0,0.0,3.0,0.0,True,238.62500000000006,0.0,1,8,1.0,0.0,1987.008376220404,1.0,0.0
434,435.0,238.55375000000004,0.0,1.0537500000000002,0.0,0.0,3.0,0.0,True,237.50000000000006,0.0,1,8,1.0,0.0,1987.008376220404,1.0,0.0
435,436.0,239.68250000000003,0.0,1.0575,0.0,0.0,3.0,0.0,True,238.62500000000006,0.0,1,8,1.0,0.0,1987.008376220404,1.0,0.0
436,437.0,239.81125000000006,0.0,1.0612500000000002,0.0,0.0,3.0,0.0,True,238.75000000000006,0.0,1,8,1.0,0.0,1987.008376220404,1.0,0.0
437,438.0,239.69000000000005,0.0,1.0650000000000002,0.0,0.0,3.0,0.0,True,238.62500000000006,0.0,1,8,1.0,0.0,1987.008376220404,1.0,0.0
438,439.0,239.94375000000005,0.0,1.0687500000000003,0.0,0.0,3.0,0.0,True,238.87500000000006,0.0,1,8,1.0,0.0,1987.008376220404,1.0,0.0
439,440.0,241.95000000000005,0.0,1.0750000000000002,0.0,0.0,3.0,0.0,True,240.87500000000006,0.0,1,8,1.0,0.0,1987.008376220404,1.0,0.0
440,441.0,242.95375000000004,0.0,1.0787500000000003,0.0,0.0,3.0,0.0,True,241.87500000000006,0.0,1,8,1.0,0.0,1987.008376220404,1.0,0.0
441,442.0,242.95750000000004,0.0,1.0825000000000002,0.0,0.0,3.0,0.0,True,241.87500000000006,0.0,1,8,1.0,0.0,1987.008376220404,1.0,0.0
442,443.0,242.33375000000004,0.0,1.0837500000000002,0.0,0.0,3.0,0.0,True,241.25000000000006,0.0,1,8,1.0,0.0,1987.008376220404,1.0,0.0
443,444.0,243.08750000000003,0.0,1.0875000000000001,0.0,0.0,3.0,0.0,True,242.00000000000006,0.0,1,8,1.0,0.0,1987.008376220404,1.0,0.0
444,445.0,239.71125000000004,0.0,1.0862500000000002,0.0,0.0,3.0,0.0,True,238.62500000000006,0.0,1,9,1.0,0.0,1987.008376220404,1.0,6.400758790327842
445,446.0,239.09000000000006,0.0,1.0900000000000003,0.0,0.0,3.0,0.0,True,238.00000000000006,0.0,1,9,1.0,0.0,3258.8445092751845,1.0,0.0
446,447.0,239.34375000000006,0.0,1.0937500000000002,0.0,0.0,3.0,0.0,True,238.25000000000006,0.0,1,9,1.0,0.0,3258.8445092751845,1.0,0.0
447,448.0,238.97000000000006,0.0,1.0950000000000002,0.0,0.0,3.0,0.0,True,237.87500000000006,0.0,1,9,1.0,0.0,3258.8445092751845,1.0,0.0
448,449.0,236.22125000000005,0.0,1.0962500000000002,0.0,0.0,3.0,0.0,True,235.12500000000006,0.0,1,10,1.0,0.0,3258.8445092751845,1.0,5.771502343342462
449,450.0,236.97000000000006,0.0,1.0950000000000002,0.0,0.0,3.0,0.0,True,235.87500000000006,0.0,1,11,1.0,0.0,5139.687381462229,1.0,0.7647476796430226
450,451.0,235.97125000000005,0.0,1.0962500000000002,0.0,0.0,3.0,0.0,True,234.87500000000006,0.0,1,11,1.0,0.0,5532.743781368605,1.0,0.0
451,452.0,234.59750000000005,0.0,1.0975000000000001,0.0,0.0,3.0,0.0,True,233.50000000000006,0.0,1,11,1.0,0.0,5532.743781368605,1.0,0.0
452,453.0,233.84875000000005,0.0,1.0987500000000001,0.0,0.0,3.0,0.0,True,232.75000000000006,0.0,1,11,1.0,0.0,5532.743781368605,1.0,0.0
453,454.0,233.35000000000005,0.0,1.1000000000000003,0.0,0.0,3.0,0.0,True,232.25000000000006,0.0,1,11,1.0,0.0,5532.743781368605,1.0,0.0
454,455.0,233.97875000000005,0.0,1.1037500000000002,0.0,0.0,3.0,0.0,True,232.87500000000006,0.0,1,11,1.0,0.0,5532.743781368605,1.0,0.0
455,456.0,235.61000000000004,0.0,1.1100000000000003,0.0,0.0,3.0,0.0,True,234.50000000000006,0.0,1,11,1.0,0.0,5532.743781368605,1.0,0.0
456,457.0,236.11375000000004,0.0,1.1137500000000002,0.0,0.0,3.0,0.0,True,235.00000000000006,0.0,1,11,1.0,0.0,5532.743781368605,1.0,0.0
457,458.0,235.49250000000004,0.0,1.1175000000000002,0.0,0.0,3.0,0.0,True,234.37500000000006,0.0,1,11,1.0,0.0,5532.743781368605,1.0,0.0
458,459.0,234.74625000000003,0.0,1.1212500000000003,0.0,0.0,3.0,0.0,True,233.62500000000006,0.0,1,11,1.0,0.0,5532.743781368605,1.0,0.0
459,460.0,234.75000000000006,0.0,1.1250000000000002,0.0,0.0,3.0,0.0,True,233.62500000000006,0.0,1,11,1.0,0.0,5532.743781368605,1.0,0.0
460,461.0,237.13125000000005,0.0,1.1312500000000003,0.0,0.0,3.0,0.0,True,236.00000000000006,0.0,1,11,1.0,0.0,5532.743781368605,1.0,0.0
461,462.0,239.37750000000005,0.0,1.1275000000000002,0.0,0.0,3.0,0.0,True,238.25000000000006,0.0,2,12,1.0833333333333333,0.0,5532.743781368605,1.4142135623730951,-0.9859561747273631
462,463.0,240.38125000000005,0.0,1.1312500000000003,0.0,0.0,3.0,0.0,True,239.25000000000006,0.0,2,12,1.0833333333333333,0.0,4987.239491926125,1.4142135623730951,0.0
463,464.0,240.63500000000005,0.0,1.1350000000000002,0.0,0.0,3.0,0.0,True,239.50000000000006,0.0,2,12,1.0833333333333333,0.0,4987.239491926125,1.4142135623730951,0.0
464,465.0,239.88875000000004,0.0,1.1387500000000002,0.0,0.0,3.0,0.0,True,238.75000000000006,0.0,2,12,1.0833333333333333,0.0,4987.239491926125,1.4142135623730951,0.0
465,466.0,241.76750000000004,0.0,1.1425000000000003,0.0,0.0,3.0,0.0,True,240.62500000000006,0.0,2,12,1.0833333333333333,0.0,4987.239491926125,1.4142135623730951,0.0
466,467.0,245.14875000000004,0.0,1.1487500000000002,0.0,0.0,3.0,0.0,True,244.00000000000006,0.0,2,12,1.0833333333333333,0.0,4987.239491926125,1.4142135623730951,0.0
467,468.0,245.65250000000006,0.0,1.1525000000000003,0.0,0.0,3.0,0.0,True,244.50000000000006,0.0,2,12,1.0833333333333333,0.0,4987.239491926125,1.4142135623730951,0.0
468,469.0,246.15625000000006,0.0,1.1562500000000002,0.0,0.0,3.0,0.0,True,245.00000000000006,0.0,2,12,1.0833333333333333,0.0,4987.239491926125,1.4142135623730951,0.0
469,470.0,244.78250000000006,0.0,1.1575000000000002,0.0,0.0,3.0,0.0,True,243.62500000000006,0.0,2,12,1.0833333333333333,0.0,4987.239491926125,1.4142135623730951,0.0
470,471.0,245.16125000000005,0.0,1.1612500000000001,0.0,0.0,3.0,0.0,True,244.00000000000006,0.0,2,12,1.0833333333333333,0.0,4987.239491926125,1.4142135623730951,0.0
471,472.0,246.16500000000005,0.0,1.1650000000000003,0.0,0.0,3.0,0.0,True,245.00000000000006,0.0,2,12,1.0833333333333333,0.0,4987.239491926125,1.4142135623730951,0.0
472,473.0,246.16625000000005,0.0,1.1662500000000002,0.0,0.0,3.0,0.0,True,245.00000000000006,0.0,2,12,1.0833333333333333,0.0,4987.239491926125,1.4142135623730951,0.0
473,474.0,246.54500000000004,0.0,1.1700000000000002,0.0,0.0,3.0,0.0,True,245.37500000000006,0.0,2,12,1.0833333333333333,0.0,4987.239491926125,1.4142135623730951,0.0
474,475.0,248.05125000000004,0.0,1.1762500000000002,0.0,0.0,3.0,0.0,True,246.87500000000006,0.0,2,12,1.0833333333333333,0.0,4987.239491926125,1.4142135623730951,0.0
475,476.0,248.05250000000004,0.0,1.1775000000000002,0.0,0.0,3.0,0.0,True,246.87500000000006,0.0,2,12,1.0833333333333333,0.0,4987.239491926125,1.4142135623730951,0.0
476,477.0,248.30375000000004,0.0,1.1787500000000002,0.0,0.0,3.0,0.0,True,247.12500000000006,0.0,2,12,1.0833333333333333,0.0,4987.239491926125,1.4142135623730951,0.0
477,478.0,248.55750000000006,0.0,1.1825000000000003,0.0,0.0,3.0,0.0,True,247.37500000000006,0.0,2,12,1.0833333333333333,0.0,4987.239491926125,1.4142135623730951,0.0
478,479.0,247.68625000000006,0.0,1.1862500000000002,0.0,0.0,3.0,0.0,True,246.50000000000006,0.0,2,12,1.0833333333333333,0.0,4987.239491926125,1.4142135623730951,0.0
479,480.0,246.93750000000006,0.0,1.1875000000000002,0.0,0.0,3.0,0.0,True,245.75000000000006,0.0,2,12,1.0833333333333333,0.0,4987.239491926125,1.4142135623730951,0.0
480,481.0,246.31625000000005,0.0,1.1912500000000001,0.0,0.0,3.0,0.0,True,245.12500000000006,0.0,2,12,1.0833333333333333,0.0,4987.239491926125,1.4142135623730951,0.0
481,482.0,246.32000000000005,0.0,1.1950000000000003,0.0,0.0,3.0,0.0,True,245.12500000000006,0.0,2,12,1.0833333333333333,0.0,4987.239491926125,1.4142135623730951,0.0
482,483.0,244.94875000000005,0.0,1.1987500000000002,0.0,0.0,3.0,0.0,True,243.75000000000006,0.0,2,12,1.0833333333333333,0.0,4987.239491926125,1.4142135623730951,0.0
483,484.0,243.57500000000005,0.0,1.2000000000000002,0.0,0.0,3.0,0.0,True,242.37500000000006,0.0,2,12,1.0833333333333333,0.0,4987.239491926125,1.4142135623730951,0.0
484,485.0,245.95375000000004,0.0,1.2037500000000003,0.0,0.0,3.0,0.0,True,244.75000000000006,0.0,2,12,1.0833333333333333,0.0,4987.239491926125,1.4142135623730951,0.0
485,486.0,249.96000000000004,0.0,1.2100000000000002,0.0,0.0,3.0,0.0,True,248.75000000000006,0.0,2,12,1.0833333333333333,0.0,4987.239491926125,1.4142135623730951,0.0
486,487.0,248.46125000000004,0.0,1.2112500000000002,0.0,0.0,3.0,0.0,True,247.25000000000006,0.0,2,12,1.0833333333333333,0.0,4987.239491926125,1.4142135623730951,0.0
487,488.0,248.96500000000006,0.0,1.2150000000000003,0.0,0.0,3.0,0.0,True,247.75000000000006,0.0,2,12,1.0833333333333333,0.0,4987.239491926125,1.4142135623730951,0.0
488,489.0,248.84375000000006,0.0,1.2187500000000002,0.0,0.0,3.0,0.0,True,247.62500000000006,0.0,2,12,1.0833333333333333,0.0,4987.239491926125,1.4142135623730951,0.0
489,490.0,250.97250000000005,0.0,1.2225000000000001,0.0,0.0,3.0,0.0,True,249.75000000000006,0.0,2,12,1.0833333333333333,0.0,4987.239491926125,1.4142135623730951,0.0
490,491.0,250.47375000000005,0.0,1.2237500000000003,0.0,0.0,3.0,0.0,True,249.25000000000006,0.0,2,12,1.0833333333333333,0.0,4987.239491926125,1.4142135623730951,0.0
491,492.0,250.97750000000005,0.0,1.2275000000000003,0.0,0.0,3.0,0.0,True,249.75000000000006,0.0,2,12,1.0833333333333333,0.0,4987.239491926125,1.4142135623730951,0.0
492,493.0,253.23375000000004,0.0,1.2337500000000003,0.0,0.0,3.0,0.0,True,252.00000000000006,0.0,2,12,1.0833333333333333,0.0,4987.239491926125,1.4142135623730951,0.0
493,494.0,251.48500000000004,0.0,1.2350000000000003,0.0,0.0,3.0,0.0,True,250.25000000000006,0.0,2,12,1.0833333333333333,0.0,4987.239491926125,1.4142135623730951,0.0
494,495.0,252.86875000000006,0.0,1.2437500000000001,0.0,0.0,3.0,0.0,True,251.62500000000006,0.0,2,13,1.1538461538461537,0.0,4987.239491926125,1.4142135623730951,2.7560272533144428
495,496.0,254.87500000000006,0.0,1.2500000000000002,0.0,0.0,3.0,0.0,True,253.62500000000006,0.0,2,13,1.1538461538461537,0.0,6361.736287781573,1.4142135623730951,0.0
496,497.0,253.25375000000005,0.0,1.2537500000000001,0.0,0.0,3.0,0.0,True,252.00000000000006,0.0,2,13,1.1538461538461537,0.0,6361.736287781573,1.4142135623730951,0.0
497,498.0,252.75750000000005,0.0,1.2575000000000003,0.0,0.0,3.0,0.0,True,251.50000000000006,0.0,2,13,1.1538461538461537,0.0,6361.736287781573,1.4142135623730951,0.0
498,499.0,253.51125000000005,0.0,1.2612500000000002,0.0,0.0,3.0,0.0,True,252.25000000000006,0.0,2,13,1.1538461538461537,0.0,6361.736287781573,1.4142135623730951,0.0
499,500.0,254.14000000000004,0.0,1.2650000000000003,0.0,0.0,3.0,0.0,True,252.87500000000006,0.0,2,13,1.1538461538461537,0.0,6361.736287781573,1.4142135623730951,0.0
